timestamp,container,cpu_pct,mem_used_mb
14:25:17,heuristic_archimedes,159.71,101.2
14:25:17,zealous_hopper,0.03,21.3
14:25:17,testcontainers-ryuk-fb931438-1b3d-4455-b838-0927fdc19efc,0.00,2.4
14:25:22,heuristic_archimedes,113.60,363.1
14:25:22,zealous_hopper,4.00,25.1
14:25:22,testcontainers-ryuk-fb931438-1b3d-4455-b838-0927fdc19efc,0.00,2.4
14:25:28,heuristic_archimedes,45.84,370.1
14:25:28,zealous_hopper,17.86,79.3
14:25:28,testcontainers-ryuk-fb931438-1b3d-4455-b838-0927fdc19efc,0.00,2.4
14:25:33,heuristic_archimedes,27.62,382.2
14:25:33,zealous_hopper,16.70,80.4
14:25:33,testcontainers-ryuk-fb931438-1b3d-4455-b838-0927fdc19efc,0.00,2.4
14:25:38,heuristic_archimedes,10.53,398.8
14:25:38,zealous_hopper,18.73,82.0
14:25:38,testcontainers-ryuk-fb931438-1b3d-4455-b838-0927fdc19efc,0.00,2.4
14:25:43,heuristic_archimedes,20.34,395.3
14:25:43,zealous_hopper,23.73,83.3
14:25:43,testcontainers-ryuk-fb931438-1b3d-4455-b838-0927fdc19efc,0.00,2.4
14:25:48,heuristic_archimedes,10.66,398.9
14:25:48,zealous_hopper,13.17,84.0
14:25:48,testcontainers-ryuk-fb931438-1b3d-4455-b838-0927fdc19efc,0.00,2.4
14:25:53,heuristic_archimedes,14.08,395.9
14:25:53,zealous_hopper,12.78,84.8
14:25:53,testcontainers-ryuk-fb931438-1b3d-4455-b838-0927fdc19efc,0.00,2.4
14:25:58,heuristic_archimedes,10.42,390.8
14:25:58,zealous_hopper,11.87,86.1
14:25:58,testcontainers-ryuk-fb931438-1b3d-4455-b838-0927fdc19efc,0.00,2.4
14:26:03,heuristic_archimedes,8.29,391.2
14:26:03,zealous_hopper,11.30,87.1
14:26:03,testcontainers-ryuk-fb931438-1b3d-4455-b838-0927fdc19efc,0.00,2.4
14:26:08,heuristic_archimedes,12.11,402.1
14:26:08,zealous_hopper,12.33,90.3
14:26:08,testcontainers-ryuk-fb931438-1b3d-4455-b838-0927fdc19efc,0.00,2.4
14:26:14,heuristic_archimedes,17.55,399.8
14:26:14,zealous_hopper,18.59,92.7
14:26:14,testcontainers-ryuk-fb931438-1b3d-4455-b838-0927fdc19efc,0.00,2.4
14:26:19,heuristic_archimedes,20.02,400.9
14:26:19,zealous_hopper,16.81,94.9
14:26:19,testcontainers-ryuk-fb931438-1b3d-4455-b838-0927fdc19efc,0.00,2.4
14:26:24,heuristic_archimedes,10.87,402.1
14:26:24,zealous_hopper,18.52,97.5
14:26:24,testcontainers-ryuk-fb931438-1b3d-4455-b838-0927fdc19efc,0.00,2.4
14:26:29,heuristic_archimedes,8.37,403.5
14:26:29,zealous_hopper,17.37,101.1
14:26:29,testcontainers-ryuk-fb931438-1b3d-4455-b838-0927fdc19efc,0.00,2.4
14:26:34,heuristic_archimedes,7.67,403.6
14:26:34,zealous_hopper,18.10,102.9
14:26:34,testcontainers-ryuk-fb931438-1b3d-4455-b838-0927fdc19efc,0.00,2.4
14:26:39,heuristic_archimedes,7.59,403.6
14:26:39,zealous_hopper,17.85,106.0
14:26:39,testcontainers-ryuk-fb931438-1b3d-4455-b838-0927fdc19efc,0.00,2.4
14:26:44,heuristic_archimedes,50.17,405.6
14:26:44,zealous_hopper,24.43,127.4
14:26:44,testcontainers-ryuk-fb931438-1b3d-4455-b838-0927fdc19efc,0.00,2.4
14:26:49,heuristic_archimedes,7.02,405.5
14:26:49,zealous_hopper,16.24,110.2
14:26:49,testcontainers-ryuk-fb931438-1b3d-4455-b838-0927fdc19efc,0.00,2.4
14:26:54,heuristic_archimedes,10.16,406.6
14:26:54,zealous_hopper,17.23,110.5
14:26:54,testcontainers-ryuk-fb931438-1b3d-4455-b838-0927fdc19efc,0.00,2.4
14:26:59,heuristic_archimedes,16.11,406.9
14:26:59,zealous_hopper,28.19,116.1
14:26:59,testcontainers-ryuk-fb931438-1b3d-4455-b838-0927fdc19efc,0.00,2.4
14:27:04,heuristic_archimedes,9.08,406.9
14:27:04,zealous_hopper,28.65,121.1
14:27:04,testcontainers-ryuk-fb931438-1b3d-4455-b838-0927fdc19efc,0.00,2.4
14:27:09,heuristic_archimedes,13.44,408.0
14:27:09,zealous_hopper,27.07,126.2
14:27:09,testcontainers-ryuk-fb931438-1b3d-4455-b838-0927fdc19efc,0.00,2.4
14:27:15,heuristic_archimedes,11.61,408.7
14:27:15,zealous_hopper,24.52,130.1
14:27:15,testcontainers-ryuk-fb931438-1b3d-4455-b838-0927fdc19efc,0.00,2.4
14:27:20,heuristic_archimedes,8.11,410.2
14:27:20,zealous_hopper,23.89,136.3
14:27:20,testcontainers-ryuk-fb931438-1b3d-4455-b838-0927fdc19efc,0.00,2.4
14:27:25,heuristic_archimedes,9.21,410.1
14:27:25,zealous_hopper,25.69,140.3
14:27:25,testcontainers-ryuk-fb931438-1b3d-4455-b838-0927fdc19efc,0.00,2.4
14:27:30,heuristic_archimedes,9.27,412.3
14:27:30,zealous_hopper,26.78,146.9
14:27:30,testcontainers-ryuk-fb931438-1b3d-4455-b838-0927fdc19efc,0.00,2.4
14:27:35,heuristic_archimedes,9.67,412.4
14:27:35,zealous_hopper,26.96,151.4
14:27:35,testcontainers-ryuk-fb931438-1b3d-4455-b838-0927fdc19efc,0.00,2.4
14:27:40,heuristic_archimedes,11.51,412.9
14:27:40,zealous_hopper,40.64,157.8
14:27:40,testcontainers-ryuk-fb931438-1b3d-4455-b838-0927fdc19efc,0.00,2.4
14:27:45,heuristic_archimedes,16.26,415.8
14:27:45,zealous_hopper,83.69,168.8
14:27:45,testcontainers-ryuk-fb931438-1b3d-4455-b838-0927fdc19efc,0.00,2.4
14:27:50,heuristic_archimedes,15.37,417.1
14:27:50,zealous_hopper,45.42,178.6
14:27:50,testcontainers-ryuk-fb931438-1b3d-4455-b838-0927fdc19efc,0.00,2.4
14:27:55,heuristic_archimedes,14.30,417.9
14:27:55,zealous_hopper,45.68,179.4
14:27:55,testcontainers-ryuk-fb931438-1b3d-4455-b838-0927fdc19efc,0.00,2.4
14:28:00,heuristic_archimedes,14.46,418.2
14:28:00,zealous_hopper,43.95,192.0
14:28:00,testcontainers-ryuk-fb931438-1b3d-4455-b838-0927fdc19efc,0.00,2.4
14:28:05,heuristic_archimedes,12.76,418.8
14:28:05,zealous_hopper,45.24,202.9
14:28:05,testcontainers-ryuk-fb931438-1b3d-4455-b838-0927fdc19efc,0.00,2.4
14:28:11,heuristic_archimedes,14.09,419.5
14:28:11,zealous_hopper,44.38,213.2
14:28:11,testcontainers-ryuk-fb931438-1b3d-4455-b838-0927fdc19efc,0.00,2.4
14:28:16,heuristic_archimedes,11.54,420.0
14:28:16,zealous_hopper,45.16,223.6
14:28:16,testcontainers-ryuk-fb931438-1b3d-4455-b838-0927fdc19efc,0.00,2.4
14:28:21,heuristic_archimedes,19.40,420.4
14:28:21,zealous_hopper,44.75,232.8
14:28:21,testcontainers-ryuk-fb931438-1b3d-4455-b838-0927fdc19efc,0.00,2.4
14:28:26,heuristic_archimedes,15.53,421.0
14:28:26,zealous_hopper,86.51,242.6
14:28:26,testcontainers-ryuk-fb931438-1b3d-4455-b838-0927fdc19efc,0.00,2.4
14:28:31,heuristic_archimedes,19.79,422.1
14:28:31,zealous_hopper,87.67,245.2
14:28:31,testcontainers-ryuk-fb931438-1b3d-4455-b838-0927fdc19efc,0.00,2.4
14:28:36,heuristic_archimedes,20.83,425.9
14:28:36,zealous_hopper,63.72,246.4
14:28:36,testcontainers-ryuk-fb931438-1b3d-4455-b838-0927fdc19efc,0.00,2.4
14:28:41,heuristic_archimedes,44.92,426.8
14:28:41,zealous_hopper,62.96,247.4
14:28:41,testcontainers-ryuk-fb931438-1b3d-4455-b838-0927fdc19efc,0.00,2.4
14:28:46,heuristic_archimedes,19.08,427.4
14:28:46,zealous_hopper,76.41,251.2
14:28:46,testcontainers-ryuk-fb931438-1b3d-4455-b838-0927fdc19efc,0.00,2.4
14:28:52,heuristic_archimedes,15.61,428.5
14:28:52,zealous_hopper,92.97,249.6
14:28:52,testcontainers-ryuk-fb931438-1b3d-4455-b838-0927fdc19efc,0.00,2.4
14:28:57,heuristic_archimedes,16.74,429.0
14:28:57,zealous_hopper,62.23,251.0
14:28:57,testcontainers-ryuk-fb931438-1b3d-4455-b838-0927fdc19efc,0.00,2.4
14:29:02,heuristic_archimedes,15.03,429.4
14:29:02,zealous_hopper,64.27,251.5
14:29:02,testcontainers-ryuk-fb931438-1b3d-4455-b838-0927fdc19efc,0.00,2.4
14:29:07,heuristic_archimedes,17.88,430.3
14:29:07,zealous_hopper,65.00,252.4
14:29:07,testcontainers-ryuk-fb931438-1b3d-4455-b838-0927fdc19efc,0.00,2.4
14:29:12,heuristic_archimedes,17.16,431.0
14:29:12,zealous_hopper,66.14,253.1
14:29:12,testcontainers-ryuk-fb931438-1b3d-4455-b838-0927fdc19efc,0.00,2.4
14:29:17,heuristic_archimedes,13.78,433.0
14:29:17,zealous_hopper,64.82,253.9
14:29:17,testcontainers-ryuk-fb931438-1b3d-4455-b838-0927fdc19efc,0.00,2.4
14:29:22,heuristic_archimedes,21.43,434.4
14:29:22,zealous_hopper,79.12,255.1
14:29:22,testcontainers-ryuk-fb931438-1b3d-4455-b838-0927fdc19efc,0.00,2.4
14:29:27,heuristic_archimedes,15.82,434.8
14:29:27,zealous_hopper,75.78,257.7
14:29:27,testcontainers-ryuk-fb931438-1b3d-4455-b838-0927fdc19efc,0.00,2.4
14:29:33,heuristic_archimedes,16.42,435.5
14:29:33,zealous_hopper,76.95,259.1
14:29:33,testcontainers-ryuk-fb931438-1b3d-4455-b838-0927fdc19efc,0.00,2.4
14:29:38,heuristic_archimedes,17.03,436.3
14:29:38,zealous_hopper,80.80,260.2
14:29:38,testcontainers-ryuk-fb931438-1b3d-4455-b838-0927fdc19efc,0.00,2.4
14:29:43,heuristic_archimedes,14.28,436.9
14:29:43,zealous_hopper,83.06,262.0
14:29:43,testcontainers-ryuk-fb931438-1b3d-4455-b838-0927fdc19efc,0.00,2.4
14:29:48,heuristic_archimedes,18.61,437.8
14:29:48,zealous_hopper,81.76,265.0
14:29:48,testcontainers-ryuk-fb931438-1b3d-4455-b838-0927fdc19efc,0.00,2.4
14:29:53,heuristic_archimedes,19.22,438.4
14:29:53,zealous_hopper,87.12,268.6
14:29:53,testcontainers-ryuk-fb931438-1b3d-4455-b838-0927fdc19efc,0.00,2.4
14:29:58,heuristic_archimedes,13.58,438.8
14:29:58,zealous_hopper,79.71,271.2
14:29:58,testcontainers-ryuk-fb931438-1b3d-4455-b838-0927fdc19efc,0.00,2.4
14:30:04,heuristic_archimedes,12.55,439.4
14:30:04,zealous_hopper,111.76,271.1
14:30:04,testcontainers-ryuk-fb931438-1b3d-4455-b838-0927fdc19efc,0.00,2.4
14:30:09,heuristic_archimedes,16.22,439.9
14:30:09,zealous_hopper,91.02,270.8
14:30:09,testcontainers-ryuk-fb931438-1b3d-4455-b838-0927fdc19efc,0.00,2.4
14:30:14,heuristic_archimedes,17.70,440.6
14:30:14,zealous_hopper,91.07,272.3
14:30:14,testcontainers-ryuk-fb931438-1b3d-4455-b838-0927fdc19efc,0.00,2.4
14:30:19,heuristic_archimedes,17.60,441.3
14:30:19,zealous_hopper,94.60,273.3
14:30:19,testcontainers-ryuk-fb931438-1b3d-4455-b838-0927fdc19efc,0.00,2.4
14:30:24,heuristic_archimedes,12.95,441.8
14:30:24,zealous_hopper,88.47,273.7
14:30:24,testcontainers-ryuk-fb931438-1b3d-4455-b838-0927fdc19efc,0.00,2.4
14:30:29,heuristic_archimedes,17.41,442.5
14:30:29,zealous_hopper,78.78,275.1
14:30:29,testcontainers-ryuk-fb931438-1b3d-4455-b838-0927fdc19efc,0.00,2.4
14:30:35,heuristic_archimedes,17.92,442.9
14:30:35,zealous_hopper,76.43,275.9
14:30:35,testcontainers-ryuk-fb931438-1b3d-4455-b838-0927fdc19efc,0.00,2.4
14:30:40,heuristic_archimedes,16.83,443.6
14:30:40,zealous_hopper,78.79,276.3
14:30:40,testcontainers-ryuk-fb931438-1b3d-4455-b838-0927fdc19efc,0.00,2.4
14:30:45,heuristic_archimedes,18.58,444.0
14:30:45,zealous_hopper,87.36,278.7
14:30:45,testcontainers-ryuk-fb931438-1b3d-4455-b838-0927fdc19efc,0.00,2.4
14:30:50,heuristic_archimedes,15.62,444.6
14:30:50,zealous_hopper,88.19,279.8
14:30:50,testcontainers-ryuk-fb931438-1b3d-4455-b838-0927fdc19efc,0.00,2.4
14:30:55,heuristic_archimedes,20.57,445.5
14:30:55,zealous_hopper,92.17,281.0
14:30:55,testcontainers-ryuk-fb931438-1b3d-4455-b838-0927fdc19efc,0.00,2.4
14:31:00,heuristic_archimedes,19.87,445.7
14:31:00,zealous_hopper,31.41,281.4
14:31:00,testcontainers-ryuk-fb931438-1b3d-4455-b838-0927fdc19efc,0.00,2.4
14:31:06,heuristic_archimedes,13.12,446.4
14:31:06,zealous_hopper,11.97,262.7
14:31:06,testcontainers-ryuk-fb931438-1b3d-4455-b838-0927fdc19efc,0.00,2.4
14:31:11,heuristic_archimedes,33.27,447.3
14:31:11,zealous_hopper,10.92,262.7
14:31:11,testcontainers-ryuk-fb931438-1b3d-4455-b838-0927fdc19efc,0.00,2.4
14:31:16,heuristic_archimedes,4.76,447.4
14:31:16,zealous_hopper,10.33,262.9
14:31:16,testcontainers-ryuk-fb931438-1b3d-4455-b838-0927fdc19efc,0.00,2.4
14:31:21,heuristic_archimedes,6.95,443.3
14:31:21,zealous_hopper,10.32,262.9
14:31:21,testcontainers-ryuk-fb931438-1b3d-4455-b838-0927fdc19efc,0.00,2.4
14:31:26,heuristic_archimedes,11.71,443.3
14:31:26,zealous_hopper,10.78,262.9
14:31:26,testcontainers-ryuk-fb931438-1b3d-4455-b838-0927fdc19efc,0.00,2.4
14:31:31,heuristic_archimedes,11.76,443.4
14:31:31,zealous_hopper,16.86,263.0
14:31:31,testcontainers-ryuk-fb931438-1b3d-4455-b838-0927fdc19efc,0.00,2.4
14:31:36,heuristic_archimedes,6.82,443.4
14:31:36,zealous_hopper,16.18,263.2
14:31:36,testcontainers-ryuk-fb931438-1b3d-4455-b838-0927fdc19efc,0.00,2.4
14:31:41,heuristic_archimedes,34.08,444.0
14:31:41,zealous_hopper,16.63,263.2
14:31:41,testcontainers-ryuk-fb931438-1b3d-4455-b838-0927fdc19efc,0.00,2.4
14:31:46,heuristic_archimedes,5.76,443.8
14:31:46,zealous_hopper,18.34,263.6
14:31:46,testcontainers-ryuk-fb931438-1b3d-4455-b838-0927fdc19efc,0.00,2.4
14:31:51,heuristic_archimedes,6.37,444.2
14:31:51,zealous_hopper,24.70,263.3
14:31:51,testcontainers-ryuk-fb931438-1b3d-4455-b838-0927fdc19efc,0.00,2.4
14:31:56,heuristic_archimedes,8.32,444.3
14:31:56,zealous_hopper,34.42,263.7
14:31:56,testcontainers-ryuk-fb931438-1b3d-4455-b838-0927fdc19efc,0.00,2.4
14:32:01,heuristic_archimedes,7.56,444.2
14:32:01,zealous_hopper,33.93,263.7
14:32:01,testcontainers-ryuk-fb931438-1b3d-4455-b838-0927fdc19efc,0.00,2.4
14:32:06,heuristic_archimedes,7.89,444.7
14:32:06,zealous_hopper,32.60,263.9
14:32:06,testcontainers-ryuk-fb931438-1b3d-4455-b838-0927fdc19efc,0.00,2.4
14:32:11,heuristic_archimedes,7.90,444.9
14:32:11,zealous_hopper,34.25,263.9
14:32:11,testcontainers-ryuk-fb931438-1b3d-4455-b838-0927fdc19efc,0.00,2.4
14:32:17,heuristic_archimedes,8.45,444.9
14:32:17,zealous_hopper,36.14,264.0
14:32:17,testcontainers-ryuk-fb931438-1b3d-4455-b838-0927fdc19efc,0.00,2.4
14:32:22,heuristic_archimedes,10.16,445.2
14:32:22,zealous_hopper,53.70,264.8
14:32:22,testcontainers-ryuk-fb931438-1b3d-4455-b838-0927fdc19efc,0.00,2.4
14:32:27,heuristic_archimedes,14.15,445.7
14:32:27,zealous_hopper,54.98,265.3
14:32:27,testcontainers-ryuk-fb931438-1b3d-4455-b838-0927fdc19efc,0.00,2.4
14:32:32,heuristic_archimedes,11.02,446.0
14:32:32,zealous_hopper,55.51,265.7
14:32:32,testcontainers-ryuk-fb931438-1b3d-4455-b838-0927fdc19efc,0.00,2.4
14:32:37,heuristic_archimedes,11.18,446.2
14:32:37,zealous_hopper,58.05,265.8
14:32:37,testcontainers-ryuk-fb931438-1b3d-4455-b838-0927fdc19efc,0.00,2.4
14:32:42,heuristic_archimedes,13.75,446.6
14:32:42,zealous_hopper,70.00,266.8
14:32:42,testcontainers-ryuk-fb931438-1b3d-4455-b838-0927fdc19efc,0.00,2.4
14:32:47,heuristic_archimedes,13.52,447.7
14:32:47,zealous_hopper,108.68,332.7
14:32:47,testcontainers-ryuk-fb931438-1b3d-4455-b838-0927fdc19efc,0.00,2.4
14:32:52,heuristic_archimedes,14.70,448.4
14:32:52,zealous_hopper,64.17,266.5
14:32:52,testcontainers-ryuk-fb931438-1b3d-4455-b838-0927fdc19efc,0.00,2.4
14:32:58,heuristic_archimedes,13.92,448.7
14:32:58,zealous_hopper,65.20,266.7
14:32:58,testcontainers-ryuk-fb931438-1b3d-4455-b838-0927fdc19efc,0.00,2.4
14:33:03,heuristic_archimedes,17.06,449.4
14:33:03,zealous_hopper,64.80,267.0
14:33:03,testcontainers-ryuk-fb931438-1b3d-4455-b838-0927fdc19efc,0.00,2.4
14:33:08,heuristic_archimedes,17.38,450.2
14:33:08,zealous_hopper,69.77,267.2
14:33:08,testcontainers-ryuk-fb931438-1b3d-4455-b838-0927fdc19efc,0.00,2.4
14:33:13,heuristic_archimedes,18.62,450.7
14:33:13,zealous_hopper,82.41,267.7
14:33:13,testcontainers-ryuk-fb931438-1b3d-4455-b838-0927fdc19efc,0.00,2.4
14:33:18,heuristic_archimedes,19.23,451.4
14:33:18,zealous_hopper,37.16,268.2
14:33:18,testcontainers-ryuk-fb931438-1b3d-4455-b838-0927fdc19efc,0.00,2.4
14:33:23,heuristic_archimedes,9.86,451.6
14:33:23,zealous_hopper,35.67,268.5
14:33:23,testcontainers-ryuk-fb931438-1b3d-4455-b838-0927fdc19efc,0.00,2.4
14:33:28,heuristic_archimedes,9.36,451.9
14:33:28,zealous_hopper,36.47,268.8
14:33:28,testcontainers-ryuk-fb931438-1b3d-4455-b838-0927fdc19efc,0.00,2.4
14:33:33,heuristic_archimedes,13.00,452.6
14:33:33,zealous_hopper,37.01,268.9
14:33:33,testcontainers-ryuk-fb931438-1b3d-4455-b838-0927fdc19efc,0.00,2.4
14:33:39,heuristic_archimedes,11.70,452.8
14:33:39,zealous_hopper,34.14,269.1
14:33:39,testcontainers-ryuk-fb931438-1b3d-4455-b838-0927fdc19efc,0.00,2.4
14:33:44,heuristic_archimedes,9.51,453.0
14:33:44,zealous_hopper,37.45,269.4
14:33:44,testcontainers-ryuk-fb931438-1b3d-4455-b838-0927fdc19efc,0.00,2.4
14:33:49,heuristic_archimedes,9.56,453.1
14:33:49,zealous_hopper,51.00,330.7
14:33:49,testcontainers-ryuk-fb931438-1b3d-4455-b838-0927fdc19efc,0.00,2.4
14:33:54,heuristic_archimedes,9.77,454.0
14:33:54,zealous_hopper,36.04,269.6
14:33:54,testcontainers-ryuk-fb931438-1b3d-4455-b838-0927fdc19efc,0.00,2.4
14:33:59,heuristic_archimedes,9.54,455.6
14:33:59,zealous_hopper,35.95,269.7
14:33:59,testcontainers-ryuk-fb931438-1b3d-4455-b838-0927fdc19efc,0.00,2.4
14:34:04,heuristic_archimedes,9.52,455.8
14:34:04,zealous_hopper,34.67,269.8
14:34:04,testcontainers-ryuk-fb931438-1b3d-4455-b838-0927fdc19efc,0.00,2.4
14:34:09,heuristic_archimedes,13.09,461.5
14:34:09,zealous_hopper,35.02,269.6
14:34:09,testcontainers-ryuk-fb931438-1b3d-4455-b838-0927fdc19efc,0.00,2.4
14:34:14,heuristic_archimedes,9.75,461.8
14:34:14,zealous_hopper,37.76,269.7
14:34:14,testcontainers-ryuk-fb931438-1b3d-4455-b838-0927fdc19efc,0.00,2.4
14:34:19,heuristic_archimedes,9.78,462.7
14:34:19,zealous_hopper,38.72,269.6
14:34:19,testcontainers-ryuk-fb931438-1b3d-4455-b838-0927fdc19efc,0.00,2.4
14:34:24,heuristic_archimedes,11.98,464.3
14:34:24,zealous_hopper,37.73,269.5
14:34:24,testcontainers-ryuk-fb931438-1b3d-4455-b838-0927fdc19efc,0.00,2.4
14:34:30,heuristic_archimedes,10.38,464.1
14:34:30,zealous_hopper,39.60,269.7
14:34:30,testcontainers-ryuk-fb931438-1b3d-4455-b838-0927fdc19efc,0.00,2.4
14:34:35,heuristic_archimedes,9.12,464.5
14:34:35,zealous_hopper,36.29,269.6
14:34:35,testcontainers-ryuk-fb931438-1b3d-4455-b838-0927fdc19efc,0.00,2.4
14:34:40,heuristic_archimedes,12.75,465.1
14:34:40,zealous_hopper,36.54,269.9
14:34:40,testcontainers-ryuk-fb931438-1b3d-4455-b838-0927fdc19efc,0.00,2.4
14:34:45,heuristic_archimedes,12.37,465.5
14:34:45,zealous_hopper,41.45,272.1
14:34:45,testcontainers-ryuk-fb931438-1b3d-4455-b838-0927fdc19efc,0.00,2.4
14:34:50,heuristic_archimedes,12.91,465.4
14:34:50,zealous_hopper,49.03,270.1
14:34:50,testcontainers-ryuk-fb931438-1b3d-4455-b838-0927fdc19efc,0.00,2.4
14:34:55,heuristic_archimedes,9.37,465.9
14:34:55,zealous_hopper,36.10,270.1
14:34:55,testcontainers-ryuk-fb931438-1b3d-4455-b838-0927fdc19efc,0.00,2.4
14:35:00,heuristic_archimedes,9.46,466.2
14:35:00,zealous_hopper,36.83,270.2
14:35:00,testcontainers-ryuk-fb931438-1b3d-4455-b838-0927fdc19efc,0.00,2.4
14:35:05,heuristic_archimedes,8.75,466.2
14:35:05,zealous_hopper,35.35,270.1
14:35:05,testcontainers-ryuk-fb931438-1b3d-4455-b838-0927fdc19efc,0.00,2.4
14:35:10,heuristic_archimedes,9.34,466.7
14:35:10,zealous_hopper,35.06,270.1
14:35:10,testcontainers-ryuk-fb931438-1b3d-4455-b838-0927fdc19efc,0.00,2.4
14:35:15,heuristic_archimedes,12.27,467.2
14:35:15,zealous_hopper,34.73,270.3
14:35:15,testcontainers-ryuk-fb931438-1b3d-4455-b838-0927fdc19efc,0.00,2.4
14:35:20,heuristic_archimedes,12.50,467.6
14:35:20,zealous_hopper,34.09,270.8
14:35:20,testcontainers-ryuk-fb931438-1b3d-4455-b838-0927fdc19efc,0.00,2.4
14:35:26,heuristic_archimedes,9.47,468.0
14:35:26,zealous_hopper,35.56,270.7
14:35:26,testcontainers-ryuk-fb931438-1b3d-4455-b838-0927fdc19efc,0.00,2.4
14:35:31,heuristic_archimedes,16.72,468.1
14:35:31,zealous_hopper,37.97,270.9
14:35:31,testcontainers-ryuk-fb931438-1b3d-4455-b838-0927fdc19efc,0.00,2.4
14:35:35,heuristic_archimedes,12.52,468.4
14:35:35,zealous_hopper,33.07,271.3
14:35:35,testcontainers-ryuk-fb931438-1b3d-4455-b838-0927fdc19efc,0.00,2.4
14:35:40,heuristic_archimedes,9.66,469.0
14:35:40,zealous_hopper,36.87,271.3
14:35:40,testcontainers-ryuk-fb931438-1b3d-4455-b838-0927fdc19efc,0.00,2.4
14:35:45,heuristic_archimedes,10.67,469.0
14:35:45,zealous_hopper,41.42,273.5
14:35:45,testcontainers-ryuk-fb931438-1b3d-4455-b838-0927fdc19efc,0.00,2.4
14:35:50,heuristic_archimedes,7.84,469.3
14:35:50,zealous_hopper,75.98,271.8
14:35:50,testcontainers-ryuk-fb931438-1b3d-4455-b838-0927fdc19efc,0.00,2.4
14:35:55,heuristic_archimedes,12.49,469.7
14:35:55,zealous_hopper,37.23,271.8
14:35:55,testcontainers-ryuk-fb931438-1b3d-4455-b838-0927fdc19efc,0.00,2.4
14:36:00,heuristic_archimedes,9.44,469.8
14:36:00,zealous_hopper,36.35,272.0
14:36:00,testcontainers-ryuk-fb931438-1b3d-4455-b838-0927fdc19efc,0.00,2.4
14:36:05,heuristic_archimedes,10.33,470.5
14:36:05,zealous_hopper,37.85,271.9
14:36:05,testcontainers-ryuk-fb931438-1b3d-4455-b838-0927fdc19efc,0.00,2.4
14:36:10,heuristic_archimedes,9.46,470.6
14:36:10,zealous_hopper,37.03,271.8
14:36:10,testcontainers-ryuk-fb931438-1b3d-4455-b838-0927fdc19efc,0.00,2.4
14:36:16,heuristic_archimedes,8.63,472.3
14:36:16,zealous_hopper,33.12,272.1
14:36:16,testcontainers-ryuk-fb931438-1b3d-4455-b838-0927fdc19efc,0.00,2.4
14:36:21,heuristic_archimedes,9.32,472.6
14:36:21,zealous_hopper,34.64,272.3
14:36:21,testcontainers-ryuk-fb931438-1b3d-4455-b838-0927fdc19efc,0.00,2.4
14:36:26,heuristic_archimedes,9.69,472.8
14:36:26,zealous_hopper,37.11,272.5
14:36:26,testcontainers-ryuk-fb931438-1b3d-4455-b838-0927fdc19efc,0.00,2.4
14:36:31,heuristic_archimedes,12.32,473.1
14:36:31,zealous_hopper,33.99,272.5
14:36:31,testcontainers-ryuk-fb931438-1b3d-4455-b838-0927fdc19efc,0.00,2.4
14:36:36,heuristic_archimedes,11.64,474.1
14:36:36,zealous_hopper,34.84,272.9
14:36:36,testcontainers-ryuk-fb931438-1b3d-4455-b838-0927fdc19efc,0.00,2.4
14:36:41,heuristic_archimedes,9.93,474.3
14:36:41,zealous_hopper,35.85,273.1
14:36:41,testcontainers-ryuk-fb931438-1b3d-4455-b838-0927fdc19efc,0.00,2.4
14:36:46,heuristic_archimedes,8.90,474.6
14:36:46,zealous_hopper,42.16,275.2
14:36:46,testcontainers-ryuk-fb931438-1b3d-4455-b838-0927fdc19efc,0.00,2.4
14:36:51,heuristic_archimedes,9.73,474.8
14:36:51,zealous_hopper,15.23,263.2
14:36:51,testcontainers-ryuk-fb931438-1b3d-4455-b838-0927fdc19efc,0.00,2.4
14:36:56,heuristic_archimedes,7.77,474.8
14:36:56,zealous_hopper,23.46,263.3
14:36:56,testcontainers-ryuk-fb931438-1b3d-4455-b838-0927fdc19efc,0.00,2.4
14:37:01,heuristic_archimedes,1.72,474.7
14:37:01,zealous_hopper,13.16,263.3
14:37:01,testcontainers-ryuk-fb931438-1b3d-4455-b838-0927fdc19efc,0.00,2.4
14:37:06,heuristic_archimedes,1.56,474.9
14:37:06,zealous_hopper,11.82,263.3
14:37:06,testcontainers-ryuk-fb931438-1b3d-4455-b838-0927fdc19efc,0.00,2.4
14:37:11,heuristic_archimedes,1.53,475.1
14:37:11,zealous_hopper,11.27,263.6
14:37:11,testcontainers-ryuk-fb931438-1b3d-4455-b838-0927fdc19efc,0.00,2.4
14:37:17,heuristic_archimedes,1.81,475.2
14:37:17,zealous_hopper,12.75,263.4
14:37:17,testcontainers-ryuk-fb931438-1b3d-4455-b838-0927fdc19efc,0.00,2.4
14:37:22,heuristic_archimedes,1.56,474.9
14:37:22,zealous_hopper,11.57,263.5
14:37:22,testcontainers-ryuk-fb931438-1b3d-4455-b838-0927fdc19efc,0.00,2.4
14:37:27,heuristic_archimedes,1.54,475.1
14:37:27,zealous_hopper,11.63,263.5
14:37:27,testcontainers-ryuk-fb931438-1b3d-4455-b838-0927fdc19efc,0.00,2.4
14:37:32,heuristic_archimedes,1.74,475.0
14:37:32,zealous_hopper,10.97,263.6
14:37:32,testcontainers-ryuk-fb931438-1b3d-4455-b838-0927fdc19efc,0.00,2.4
14:37:37,heuristic_archimedes,1.49,475.1
14:37:37,zealous_hopper,12.13,263.5
14:37:37,testcontainers-ryuk-fb931438-1b3d-4455-b838-0927fdc19efc,0.00,2.4
14:37:42,heuristic_archimedes,1.72,475.2
14:37:42,zealous_hopper,12.13,263.4
14:37:42,testcontainers-ryuk-fb931438-1b3d-4455-b838-0927fdc19efc,0.00,2.4
14:37:47,heuristic_archimedes,1.43,475.2
14:37:47,zealous_hopper,20.08,263.4
14:37:47,testcontainers-ryuk-fb931438-1b3d-4455-b838-0927fdc19efc,0.00,2.4
14:37:52,heuristic_archimedes,2.01,475.1
14:37:52,zealous_hopper,17.12,263.3
14:37:52,testcontainers-ryuk-fb931438-1b3d-4455-b838-0927fdc19efc,0.00,2.4
14:37:57,heuristic_archimedes,1.56,475.1
14:37:57,zealous_hopper,19.40,263.6
14:37:57,testcontainers-ryuk-fb931438-1b3d-4455-b838-0927fdc19efc,0.00,2.4
14:38:02,heuristic_archimedes,5.80,475.3
14:38:02,zealous_hopper,22.27,263.7
14:38:02,testcontainers-ryuk-fb931438-1b3d-4455-b838-0927fdc19efc,0.00,2.4
14:38:07,heuristic_archimedes,2.65,475.2
14:38:07,zealous_hopper,21.55,263.5
14:38:07,testcontainers-ryuk-fb931438-1b3d-4455-b838-0927fdc19efc,0.00,2.4
14:38:12,heuristic_archimedes,1.65,475.4
14:38:12,zealous_hopper,19.22,263.4
14:38:12,testcontainers-ryuk-fb931438-1b3d-4455-b838-0927fdc19efc,0.00,2.4
14:38:17,heuristic_archimedes,1.60,475.5
14:38:17,zealous_hopper,13.88,263.7
14:38:17,testcontainers-ryuk-fb931438-1b3d-4455-b838-0927fdc19efc,0.00,2.4
14:38:22,heuristic_archimedes,1.83,475.5
14:38:22,zealous_hopper,19.68,263.5
14:38:22,testcontainers-ryuk-fb931438-1b3d-4455-b838-0927fdc19efc,0.00,2.4
14:38:27,heuristic_archimedes,1.70,475.4
14:38:27,zealous_hopper,18.44,263.5
14:38:27,testcontainers-ryuk-fb931438-1b3d-4455-b838-0927fdc19efc,0.00,2.4
14:38:32,heuristic_archimedes,1.56,475.3
14:38:32,zealous_hopper,16.50,263.5
14:38:32,testcontainers-ryuk-fb931438-1b3d-4455-b838-0927fdc19efc,0.00,2.4
14:38:37,heuristic_archimedes,1.79,475.5
14:38:37,zealous_hopper,14.00,263.5
14:38:37,testcontainers-ryuk-fb931438-1b3d-4455-b838-0927fdc19efc,0.00,2.4
14:38:43,heuristic_archimedes,1.52,475.5
14:38:43,zealous_hopper,12.47,263.5
14:38:43,testcontainers-ryuk-fb931438-1b3d-4455-b838-0927fdc19efc,0.00,2.4
14:38:48,heuristic_archimedes,1.58,475.6
14:38:48,zealous_hopper,17.90,263.6
14:38:48,testcontainers-ryuk-fb931438-1b3d-4455-b838-0927fdc19efc,0.00,2.4
14:38:53,heuristic_archimedes,1.63,475.4
14:38:53,zealous_hopper,14.93,263.6
14:38:53,testcontainers-ryuk-fb931438-1b3d-4455-b838-0927fdc19efc,0.00,2.4
14:38:58,heuristic_archimedes,1.65,475.6
14:38:58,zealous_hopper,14.54,263.5
14:38:58,testcontainers-ryuk-fb931438-1b3d-4455-b838-0927fdc19efc,0.00,2.4
14:39:03,heuristic_archimedes,1.60,475.5
14:39:03,zealous_hopper,12.59,263.5
14:39:03,testcontainers-ryuk-fb931438-1b3d-4455-b838-0927fdc19efc,0.00,2.4
14:39:08,heuristic_archimedes,1.58,475.7
14:39:08,zealous_hopper,15.47,263.6
14:39:08,testcontainers-ryuk-fb931438-1b3d-4455-b838-0927fdc19efc,0.00,2.4
14:39:13,heuristic_archimedes,6.14,477.7
14:39:13,zealous_hopper,14.76,263.6
14:39:13,testcontainers-ryuk-fb931438-1b3d-4455-b838-0927fdc19efc,0.00,2.4
14:39:18,heuristic_archimedes,1.64,477.7
14:39:18,zealous_hopper,12.46,263.6
14:39:18,testcontainers-ryuk-fb931438-1b3d-4455-b838-0927fdc19efc,0.00,2.4
14:39:23,heuristic_archimedes,1.71,477.7
14:39:23,zealous_hopper,11.47,263.7
14:39:23,testcontainers-ryuk-fb931438-1b3d-4455-b838-0927fdc19efc,0.00,2.4
14:39:28,heuristic_archimedes,1.55,477.7
14:39:28,zealous_hopper,11.53,264.0
14:39:28,testcontainers-ryuk-fb931438-1b3d-4455-b838-0927fdc19efc,0.00,2.4
14:39:33,heuristic_archimedes,1.67,477.7
14:39:33,zealous_hopper,10.44,263.5
14:39:33,testcontainers-ryuk-fb931438-1b3d-4455-b838-0927fdc19efc,0.00,2.4
14:39:38,heuristic_archimedes,1.56,477.8
14:39:38,zealous_hopper,10.78,263.5
14:39:38,testcontainers-ryuk-fb931438-1b3d-4455-b838-0927fdc19efc,0.00,2.4
14:39:43,heuristic_archimedes,7.74,477.7
14:39:43,zealous_hopper,70.39,264.2
14:39:43,testcontainers-ryuk-fb931438-1b3d-4455-b838-0927fdc19efc,0.00,2.4
14:39:48,heuristic_archimedes,38.14,479.6
14:39:48,zealous_hopper,81.52,266.2
14:39:48,testcontainers-ryuk-fb931438-1b3d-4455-b838-0927fdc19efc,0.00,2.4
14:39:53,heuristic_archimedes,14.20,480.2
14:39:53,zealous_hopper,92.31,267.4
14:39:53,testcontainers-ryuk-fb931438-1b3d-4455-b838-0927fdc19efc,0.00,2.4
14:39:58,heuristic_archimedes,13.22,480.5
14:39:58,zealous_hopper,91.12,268.4
14:39:58,testcontainers-ryuk-fb931438-1b3d-4455-b838-0927fdc19efc,0.00,2.4
14:40:04,heuristic_archimedes,7.35,480.9
14:40:04,zealous_hopper,98.57,268.8
14:40:04,testcontainers-ryuk-fb931438-1b3d-4455-b838-0927fdc19efc,0.00,2.4
14:40:09,heuristic_archimedes,7.97,482.4
14:40:09,zealous_hopper,96.27,269.6
14:40:09,testcontainers-ryuk-fb931438-1b3d-4455-b838-0927fdc19efc,0.00,2.4
14:40:14,heuristic_archimedes,13.34,482.5
14:40:14,zealous_hopper,96.23,271.7
14:40:14,testcontainers-ryuk-fb931438-1b3d-4455-b838-0927fdc19efc,0.00,2.4
14:40:19,heuristic_archimedes,9.70,482.9
14:40:19,zealous_hopper,111.91,270.0
14:40:19,testcontainers-ryuk-fb931438-1b3d-4455-b838-0927fdc19efc,0.00,2.4
14:40:24,heuristic_archimedes,6.61,484.3
14:40:24,zealous_hopper,102.20,271.1
14:40:24,testcontainers-ryuk-fb931438-1b3d-4455-b838-0927fdc19efc,0.00,2.4
14:40:30,heuristic_archimedes,6.13,484.2
14:40:30,zealous_hopper,104.32,273.4
14:40:30,testcontainers-ryuk-fb931438-1b3d-4455-b838-0927fdc19efc,0.00,2.4
14:40:35,heuristic_archimedes,3.92,484.5
14:40:35,zealous_hopper,105.72,274.6
14:40:35,testcontainers-ryuk-fb931438-1b3d-4455-b838-0927fdc19efc,0.00,2.4
14:40:40,heuristic_archimedes,2.95,484.8
14:40:40,zealous_hopper,107.33,277.0
14:40:40,testcontainers-ryuk-fb931438-1b3d-4455-b838-0927fdc19efc,0.00,2.4
14:40:45,heuristic_archimedes,2.79,484.9
14:40:45,zealous_hopper,106.32,280.2
14:40:45,testcontainers-ryuk-fb931438-1b3d-4455-b838-0927fdc19efc,0.00,2.4
14:40:50,heuristic_archimedes,3.06,485.4
14:40:50,zealous_hopper,105.41,280.7
14:40:50,testcontainers-ryuk-fb931438-1b3d-4455-b838-0927fdc19efc,0.00,2.4
14:40:55,heuristic_archimedes,2.50,485.8
14:40:55,zealous_hopper,113.30,282.2
14:40:55,testcontainers-ryuk-fb931438-1b3d-4455-b838-0927fdc19efc,0.00,2.4
14:41:00,heuristic_archimedes,12.84,486.1
14:41:00,zealous_hopper,110.05,280.3
14:41:00,testcontainers-ryuk-fb931438-1b3d-4455-b838-0927fdc19efc,0.00,2.4
14:41:05,heuristic_archimedes,2.65,486.3
14:41:05,zealous_hopper,116.40,279.6
14:41:05,testcontainers-ryuk-fb931438-1b3d-4455-b838-0927fdc19efc,0.00,2.4
14:41:11,heuristic_archimedes,2.86,486.4
14:41:11,zealous_hopper,117.45,278.5
14:41:11,testcontainers-ryuk-fb931438-1b3d-4455-b838-0927fdc19efc,0.00,2.4
14:41:16,heuristic_archimedes,2.18,486.6
14:41:16,zealous_hopper,111.29,338.8
14:41:16,testcontainers-ryuk-fb931438-1b3d-4455-b838-0927fdc19efc,0.00,2.4
14:41:21,heuristic_archimedes,1.51,486.7
14:41:21,zealous_hopper,102.13,276.5
14:41:21,testcontainers-ryuk-fb931438-1b3d-4455-b838-0927fdc19efc,0.00,2.4
14:41:26,heuristic_archimedes,0.83,486.6
14:41:26,zealous_hopper,113.62,276.5
14:41:26,testcontainers-ryuk-fb931438-1b3d-4455-b838-0927fdc19efc,0.00,2.4
14:41:31,heuristic_archimedes,0.93,486.8
14:41:31,zealous_hopper,120.12,277.8
14:41:31,testcontainers-ryuk-fb931438-1b3d-4455-b838-0927fdc19efc,0.00,2.4
14:41:36,heuristic_archimedes,0.83,487.1
14:41:36,zealous_hopper,96.00,276.6
14:41:36,testcontainers-ryuk-fb931438-1b3d-4455-b838-0927fdc19efc,0.00,2.4
14:41:41,heuristic_archimedes,2.73,487.2
14:41:41,zealous_hopper,108.64,276.7
14:41:41,testcontainers-ryuk-fb931438-1b3d-4455-b838-0927fdc19efc,0.00,2.4
14:41:46,heuristic_archimedes,1.32,487.5
14:41:46,zealous_hopper,118.75,278.3
14:41:46,testcontainers-ryuk-fb931438-1b3d-4455-b838-0927fdc19efc,0.00,2.4
14:41:51,heuristic_archimedes,0.78,487.3
14:41:51,zealous_hopper,110.63,278.5
14:41:51,testcontainers-ryuk-fb931438-1b3d-4455-b838-0927fdc19efc,0.00,2.4
14:41:57,heuristic_archimedes,2.04,487.3
14:41:57,zealous_hopper,110.76,284.9
14:41:57,testcontainers-ryuk-fb931438-1b3d-4455-b838-0927fdc19efc,0.00,2.4
14:42:02,heuristic_archimedes,0.69,487.5
14:42:02,zealous_hopper,112.95,321.4
14:42:02,testcontainers-ryuk-fb931438-1b3d-4455-b838-0927fdc19efc,0.00,2.4
14:42:07,heuristic_archimedes,2.58,487.4
14:42:07,zealous_hopper,110.59,337.5
14:42:07,testcontainers-ryuk-fb931438-1b3d-4455-b838-0927fdc19efc,0.00,2.4
14:42:12,heuristic_archimedes,2.69,487.4
14:42:12,zealous_hopper,127.61,282.9
14:42:12,testcontainers-ryuk-fb931438-1b3d-4455-b838-0927fdc19efc,0.00,2.4
14:42:17,heuristic_archimedes,1.37,487.5
14:42:17,zealous_hopper,113.06,278.7
14:42:17,testcontainers-ryuk-fb931438-1b3d-4455-b838-0927fdc19efc,0.00,2.4
14:42:22,heuristic_archimedes,1.47,487.7
14:42:22,zealous_hopper,113.48,279.2
14:42:22,testcontainers-ryuk-fb931438-1b3d-4455-b838-0927fdc19efc,0.00,2.4
14:42:28,heuristic_archimedes,1.27,487.6
14:42:28,zealous_hopper,100.07,280.5
14:42:28,testcontainers-ryuk-fb931438-1b3d-4455-b838-0927fdc19efc,0.00,2.4
14:42:33,heuristic_archimedes,0.88,487.6
14:42:33,zealous_hopper,118.08,281.0
14:42:33,testcontainers-ryuk-fb931438-1b3d-4455-b838-0927fdc19efc,0.00,2.4
14:42:38,heuristic_archimedes,0.92,487.3
14:42:38,zealous_hopper,115.21,284.8
14:42:38,testcontainers-ryuk-fb931438-1b3d-4455-b838-0927fdc19efc,0.00,2.4
14:42:43,heuristic_archimedes,0.68,487.7
14:42:43,zealous_hopper,116.22,287.8
14:42:43,testcontainers-ryuk-fb931438-1b3d-4455-b838-0927fdc19efc,0.00,2.4
14:42:48,heuristic_archimedes,2.03,487.7
14:42:48,zealous_hopper,192.26,295.7
14:42:48,testcontainers-ryuk-fb931438-1b3d-4455-b838-0927fdc19efc,0.00,2.4
14:42:53,heuristic_archimedes,1.50,488.0
14:42:53,zealous_hopper,196.24,348.0
14:42:53,testcontainers-ryuk-fb931438-1b3d-4455-b838-0927fdc19efc,0.00,2.4
14:42:58,heuristic_archimedes,1.00,488.2
14:42:58,zealous_hopper,193.93,286.7
14:42:58,testcontainers-ryuk-fb931438-1b3d-4455-b838-0927fdc19efc,0.00,2.4
14:43:03,heuristic_archimedes,1.75,488.3
14:43:03,zealous_hopper,195.89,290.3
14:43:03,testcontainers-ryuk-fb931438-1b3d-4455-b838-0927fdc19efc,0.00,2.4
14:43:08,heuristic_archimedes,2.55,488.7
14:43:08,zealous_hopper,183.54,286.7
14:43:08,testcontainers-ryuk-fb931438-1b3d-4455-b838-0927fdc19efc,0.00,2.4
14:43:14,heuristic_archimedes,0.96,488.7
14:43:14,zealous_hopper,192.49,290.6
14:43:14,testcontainers-ryuk-fb931438-1b3d-4455-b838-0927fdc19efc,0.00,2.4
14:43:19,heuristic_archimedes,2.26,489.0
14:43:19,zealous_hopper,196.38,286.6
14:43:19,testcontainers-ryuk-fb931438-1b3d-4455-b838-0927fdc19efc,0.00,2.4
14:43:24,heuristic_archimedes,1.50,489.1
14:43:24,zealous_hopper,195.52,290.5
14:43:24,testcontainers-ryuk-fb931438-1b3d-4455-b838-0927fdc19efc,0.00,2.4
14:43:29,heuristic_archimedes,1.32,489.1
14:43:29,zealous_hopper,194.95,287.2
14:43:29,testcontainers-ryuk-fb931438-1b3d-4455-b838-0927fdc19efc,0.00,2.4
14:43:34,heuristic_archimedes,1.70,489.3
14:43:34,zealous_hopper,195.15,287.1
14:43:34,testcontainers-ryuk-fb931438-1b3d-4455-b838-0927fdc19efc,0.00,2.4
14:43:39,heuristic_archimedes,1.45,489.5
14:43:39,zealous_hopper,182.77,290.8
14:43:39,testcontainers-ryuk-fb931438-1b3d-4455-b838-0927fdc19efc,0.00,2.4
14:43:44,heuristic_archimedes,0.80,490.2
14:43:44,zealous_hopper,196.51,287.2
14:43:44,testcontainers-ryuk-fb931438-1b3d-4455-b838-0927fdc19efc,0.00,2.4
14:43:49,heuristic_archimedes,2.27,490.3
14:43:49,zealous_hopper,192.58,290.4
14:43:49,testcontainers-ryuk-fb931438-1b3d-4455-b838-0927fdc19efc,0.00,2.4
14:43:54,heuristic_archimedes,0.83,490.6
14:43:54,zealous_hopper,194.64,287.3
14:43:54,testcontainers-ryuk-fb931438-1b3d-4455-b838-0927fdc19efc,0.00,2.4
14:43:59,heuristic_archimedes,1.24,490.6
14:43:59,zealous_hopper,195.81,290.4
14:43:59,testcontainers-ryuk-fb931438-1b3d-4455-b838-0927fdc19efc,0.00,2.4
14:44:04,heuristic_archimedes,1.10,490.8
14:44:04,zealous_hopper,194.00,289.9
14:44:04,testcontainers-ryuk-fb931438-1b3d-4455-b838-0927fdc19efc,0.00,2.4
14:44:09,heuristic_archimedes,1.76,491.0
14:44:09,zealous_hopper,181.64,286.3
14:44:09,testcontainers-ryuk-fb931438-1b3d-4455-b838-0927fdc19efc,0.00,2.4
14:44:15,heuristic_archimedes,0.96,490.9
14:44:15,zealous_hopper,190.39,290.4
14:44:15,testcontainers-ryuk-fb931438-1b3d-4455-b838-0927fdc19efc,0.00,2.4
14:44:20,heuristic_archimedes,1.54,491.0
14:44:20,zealous_hopper,196.31,291.2
14:44:20,testcontainers-ryuk-fb931438-1b3d-4455-b838-0927fdc19efc,0.00,2.4
14:44:25,heuristic_archimedes,1.68,491.2
14:44:25,zealous_hopper,194.45,286.7
14:44:25,testcontainers-ryuk-fb931438-1b3d-4455-b838-0927fdc19efc,0.00,2.4
14:44:30,heuristic_archimedes,5.64,491.5
14:44:30,zealous_hopper,195.83,286.9
14:44:30,testcontainers-ryuk-fb931438-1b3d-4455-b838-0927fdc19efc,0.00,2.4
14:44:35,heuristic_archimedes,1.41,491.7
14:44:35,zealous_hopper,195.11,291.7
14:44:35,testcontainers-ryuk-fb931438-1b3d-4455-b838-0927fdc19efc,0.00,2.4
14:44:40,heuristic_archimedes,0.91,491.5
14:44:40,zealous_hopper,183.58,287.5
14:44:40,testcontainers-ryuk-fb931438-1b3d-4455-b838-0927fdc19efc,0.00,2.4
14:44:45,heuristic_archimedes,2.79,492.0
14:44:45,zealous_hopper,192.32,288.1
14:44:45,testcontainers-ryuk-fb931438-1b3d-4455-b838-0927fdc19efc,0.00,2.4
14:44:50,heuristic_archimedes,1.68,491.9
14:44:50,zealous_hopper,194.51,293.0
14:44:50,testcontainers-ryuk-fb931438-1b3d-4455-b838-0927fdc19efc,0.00,2.4
14:44:55,heuristic_archimedes,1.56,492.4
14:44:55,zealous_hopper,194.95,352.4
14:44:55,testcontainers-ryuk-fb931438-1b3d-4455-b838-0927fdc19efc,0.00,2.4
14:45:00,heuristic_archimedes,2.08,492.6
14:45:00,zealous_hopper,194.62,287.5
14:45:00,testcontainers-ryuk-fb931438-1b3d-4455-b838-0927fdc19efc,0.00,2.4
14:45:05,heuristic_archimedes,1.22,492.6
14:45:05,zealous_hopper,194.18,287.1
14:45:05,testcontainers-ryuk-fb931438-1b3d-4455-b838-0927fdc19efc,0.00,2.4
14:45:11,heuristic_archimedes,2.41,492.6
14:45:11,zealous_hopper,184.58,291.2
14:45:11,testcontainers-ryuk-fb931438-1b3d-4455-b838-0927fdc19efc,0.00,2.4
14:45:16,heuristic_archimedes,2.13,492.8
14:45:16,zealous_hopper,193.41,287.6
14:45:16,testcontainers-ryuk-fb931438-1b3d-4455-b838-0927fdc19efc,0.00,2.4
14:45:21,heuristic_archimedes,2.21,493.5
14:45:21,zealous_hopper,191.43,291.2
14:45:21,testcontainers-ryuk-fb931438-1b3d-4455-b838-0927fdc19efc,0.00,2.4
14:45:26,heuristic_archimedes,2.80,493.8
14:45:26,zealous_hopper,191.36,287.5
14:45:26,testcontainers-ryuk-fb931438-1b3d-4455-b838-0927fdc19efc,0.00,2.4
14:45:31,heuristic_archimedes,1.21,493.6
14:45:31,zealous_hopper,195.41,287.0
14:45:31,testcontainers-ryuk-fb931438-1b3d-4455-b838-0927fdc19efc,0.00,2.4
14:45:36,heuristic_archimedes,0.96,493.9
14:45:36,zealous_hopper,195.91,290.8
14:45:36,testcontainers-ryuk-fb931438-1b3d-4455-b838-0927fdc19efc,0.00,2.4
14:45:41,heuristic_archimedes,1.94,494.3
14:45:41,zealous_hopper,181.32,287.9
14:45:41,testcontainers-ryuk-fb931438-1b3d-4455-b838-0927fdc19efc,0.00,2.4
14:45:46,heuristic_archimedes,2.16,494.7
14:45:46,zealous_hopper,165.79,352.2
14:45:46,testcontainers-ryuk-fb931438-1b3d-4455-b838-0927fdc19efc,0.00,2.4
14:45:51,heuristic_archimedes,2.41,494.9
14:45:51,zealous_hopper,194.68,290.4
14:45:51,testcontainers-ryuk-fb931438-1b3d-4455-b838-0927fdc19efc,0.00,2.4
14:45:56,heuristic_archimedes,2.32,495.1
14:45:56,zealous_hopper,194.75,287.9
14:45:56,testcontainers-ryuk-fb931438-1b3d-4455-b838-0927fdc19efc,0.00,2.4
14:46:01,heuristic_archimedes,10.67,495.4
14:46:01,zealous_hopper,184.93,291.3
14:46:01,testcontainers-ryuk-fb931438-1b3d-4455-b838-0927fdc19efc,0.00,2.4
14:46:07,heuristic_archimedes,1.60,495.6
14:46:07,zealous_hopper,190.88,286.4
14:46:07,testcontainers-ryuk-fb931438-1b3d-4455-b838-0927fdc19efc,0.00,2.4
14:46:12,heuristic_archimedes,0.79,495.7
14:46:12,zealous_hopper,180.32,288.1
14:46:12,testcontainers-ryuk-fb931438-1b3d-4455-b838-0927fdc19efc,0.00,2.4
14:46:17,heuristic_archimedes,1.75,495.9
14:46:17,zealous_hopper,195.30,290.4
14:46:17,testcontainers-ryuk-fb931438-1b3d-4455-b838-0927fdc19efc,0.00,2.4
14:46:22,heuristic_archimedes,1.55,496.0
14:46:22,zealous_hopper,197.03,287.1
14:46:22,testcontainers-ryuk-fb931438-1b3d-4455-b838-0927fdc19efc,0.00,2.4
14:46:27,heuristic_archimedes,1.58,496.6
14:46:27,zealous_hopper,195.48,290.6
14:46:27,testcontainers-ryuk-fb931438-1b3d-4455-b838-0927fdc19efc,0.00,2.4
14:46:32,heuristic_archimedes,2.02,496.4
14:46:32,zealous_hopper,194.95,286.8
14:46:32,testcontainers-ryuk-fb931438-1b3d-4455-b838-0927fdc19efc,0.00,2.4
14:46:37,heuristic_archimedes,1.78,496.7
14:46:37,zealous_hopper,193.36,290.3
14:46:37,testcontainers-ryuk-fb931438-1b3d-4455-b838-0927fdc19efc,0.00,2.4
14:46:42,heuristic_archimedes,2.22,497.0
14:46:42,zealous_hopper,183.31,287.5
14:46:42,testcontainers-ryuk-fb931438-1b3d-4455-b838-0927fdc19efc,0.00,2.4
14:46:47,heuristic_archimedes,2.86,496.8
14:46:47,zealous_hopper,193.44,292.4
14:46:47,testcontainers-ryuk-fb931438-1b3d-4455-b838-0927fdc19efc,0.00,2.4
14:46:52,heuristic_archimedes,2.47,496.9
14:46:52,zealous_hopper,194.22,289.7
14:46:52,testcontainers-ryuk-fb931438-1b3d-4455-b838-0927fdc19efc,0.00,2.4
14:46:57,heuristic_archimedes,1.42,497.2
14:46:57,zealous_hopper,192.81,352.1
14:46:57,testcontainers-ryuk-fb931438-1b3d-4455-b838-0927fdc19efc,0.00,2.4
14:47:03,heuristic_archimedes,1.81,497.1
14:47:03,zealous_hopper,197.52,291.2
14:47:03,testcontainers-ryuk-fb931438-1b3d-4455-b838-0927fdc19efc,0.00,2.4
14:47:08,heuristic_archimedes,1.69,498.1
14:47:08,zealous_hopper,193.85,287.4
14:47:08,testcontainers-ryuk-fb931438-1b3d-4455-b838-0927fdc19efc,0.00,2.4
14:47:13,heuristic_archimedes,1.62,498.0
14:47:13,zealous_hopper,181.31,292.0
14:47:13,testcontainers-ryuk-fb931438-1b3d-4455-b838-0927fdc19efc,0.00,2.4
14:47:18,heuristic_archimedes,1.45,498.4
14:47:18,zealous_hopper,194.36,287.8
14:47:18,testcontainers-ryuk-fb931438-1b3d-4455-b838-0927fdc19efc,0.00,2.4
14:47:23,heuristic_archimedes,1.59,498.3
14:47:23,zealous_hopper,194.38,287.5
14:47:23,testcontainers-ryuk-fb931438-1b3d-4455-b838-0927fdc19efc,0.00,2.4
14:47:28,heuristic_archimedes,1.74,498.4
14:47:28,zealous_hopper,193.38,287.2
14:47:28,testcontainers-ryuk-fb931438-1b3d-4455-b838-0927fdc19efc,0.00,2.4
14:47:33,heuristic_archimedes,1.83,499.1
14:47:33,zealous_hopper,194.63,291.0
14:47:33,testcontainers-ryuk-fb931438-1b3d-4455-b838-0927fdc19efc,0.00,2.4
14:47:38,heuristic_archimedes,2.04,498.9
14:47:38,zealous_hopper,192.70,287.0
14:47:38,testcontainers-ryuk-fb931438-1b3d-4455-b838-0927fdc19efc,0.00,2.4
14:47:43,heuristic_archimedes,3.82,499.1
14:47:43,zealous_hopper,178.30,290.5
14:47:43,testcontainers-ryuk-fb931438-1b3d-4455-b838-0927fdc19efc,0.00,2.4
14:47:48,heuristic_archimedes,1.96,499.0
14:47:48,zealous_hopper,194.59,287.1
14:47:48,testcontainers-ryuk-fb931438-1b3d-4455-b838-0927fdc19efc,0.00,2.4
14:47:54,heuristic_archimedes,2.06,499.3
14:47:54,zealous_hopper,194.14,287.4
14:47:54,testcontainers-ryuk-fb931438-1b3d-4455-b838-0927fdc19efc,0.00,2.4
14:47:59,heuristic_archimedes,1.77,499.1
14:47:59,zealous_hopper,194.40,291.3
14:47:59,testcontainers-ryuk-fb931438-1b3d-4455-b838-0927fdc19efc,0.00,2.4
14:48:04,heuristic_archimedes,1.14,499.4
14:48:04,zealous_hopper,196.88,287.8
14:48:04,testcontainers-ryuk-fb931438-1b3d-4455-b838-0927fdc19efc,0.00,2.4
14:48:09,heuristic_archimedes,2.73,499.3
14:48:09,zealous_hopper,197.02,291.9
14:48:09,testcontainers-ryuk-fb931438-1b3d-4455-b838-0927fdc19efc,0.00,2.4
14:48:14,heuristic_archimedes,1.56,499.8
14:48:14,zealous_hopper,182.95,288.1
14:48:14,testcontainers-ryuk-fb931438-1b3d-4455-b838-0927fdc19efc,0.00,2.4
14:48:19,heuristic_archimedes,1.42,500.2
14:48:19,zealous_hopper,195.47,291.4
14:48:19,testcontainers-ryuk-fb931438-1b3d-4455-b838-0927fdc19efc,0.00,2.4
14:48:24,heuristic_archimedes,1.43,500.2
14:48:24,zealous_hopper,194.11,291.3
14:48:24,testcontainers-ryuk-fb931438-1b3d-4455-b838-0927fdc19efc,0.00,2.4
14:48:29,heuristic_archimedes,1.66,500.2
14:48:29,zealous_hopper,196.44,287.5
14:48:29,testcontainers-ryuk-fb931438-1b3d-4455-b838-0927fdc19efc,0.00,2.4
14:48:34,heuristic_archimedes,5.17,501.2
14:48:34,zealous_hopper,190.34,290.9
14:48:34,testcontainers-ryuk-fb931438-1b3d-4455-b838-0927fdc19efc,0.00,2.4
14:48:39,heuristic_archimedes,1.26,501.3
14:48:39,zealous_hopper,196.32,287.6
14:48:39,testcontainers-ryuk-fb931438-1b3d-4455-b838-0927fdc19efc,0.00,2.4
14:48:44,heuristic_archimedes,1.84,501.2
14:48:44,zealous_hopper,190.78,290.5
14:48:44,testcontainers-ryuk-fb931438-1b3d-4455-b838-0927fdc19efc,0.00,2.4
14:48:49,heuristic_archimedes,2.74,501.5
14:48:49,zealous_hopper,192.54,289.1
14:48:49,testcontainers-ryuk-fb931438-1b3d-4455-b838-0927fdc19efc,0.00,2.4
14:48:54,heuristic_archimedes,5.08,501.7
14:48:54,zealous_hopper,191.49,289.0
14:48:54,testcontainers-ryuk-fb931438-1b3d-4455-b838-0927fdc19efc,0.00,2.4
14:48:59,heuristic_archimedes,1.16,501.7
14:48:59,zealous_hopper,195.84,350.2
14:48:59,testcontainers-ryuk-fb931438-1b3d-4455-b838-0927fdc19efc,0.00,2.4
14:49:04,heuristic_archimedes,1.63,501.6
14:49:04,zealous_hopper,192.44,287.3
14:49:04,testcontainers-ryuk-fb931438-1b3d-4455-b838-0927fdc19efc,0.00,2.4
14:49:09,heuristic_archimedes,1.36,501.8
14:49:09,zealous_hopper,196.36,291.3
14:49:09,testcontainers-ryuk-fb931438-1b3d-4455-b838-0927fdc19efc,0.00,2.4
14:49:14,heuristic_archimedes,1.23,502.0
14:49:14,zealous_hopper,193.96,287.6
14:49:14,testcontainers-ryuk-fb931438-1b3d-4455-b838-0927fdc19efc,0.00,2.4
14:49:19,heuristic_archimedes,1.48,502.7
14:49:19,zealous_hopper,195.64,290.4
14:49:19,testcontainers-ryuk-fb931438-1b3d-4455-b838-0927fdc19efc,0.00,2.4
14:49:23,heuristic_archimedes,1.62,502.9
14:49:23,zealous_hopper,193.51,287.6
14:49:23,testcontainers-ryuk-fb931438-1b3d-4455-b838-0927fdc19efc,0.00,2.4
14:49:29,heuristic_archimedes,2.26,503.0
14:49:29,zealous_hopper,195.52,290.9
14:49:29,testcontainers-ryuk-fb931438-1b3d-4455-b838-0927fdc19efc,0.00,2.4
14:49:34,heuristic_archimedes,3.78,503.7
14:49:34,zealous_hopper,192.70,291.3
14:49:34,testcontainers-ryuk-fb931438-1b3d-4455-b838-0927fdc19efc,0.00,2.4
14:49:39,heuristic_archimedes,1.15,503.7
14:49:39,zealous_hopper,196.28,287.8
14:49:39,testcontainers-ryuk-fb931438-1b3d-4455-b838-0927fdc19efc,0.00,2.4
14:49:44,heuristic_archimedes,2.23,503.8
14:49:44,zealous_hopper,195.31,291.1
14:49:44,testcontainers-ryuk-fb931438-1b3d-4455-b838-0927fdc19efc,0.00,2.4
14:49:49,heuristic_archimedes,2.03,504.1
14:49:49,zealous_hopper,194.96,287.4
14:49:49,testcontainers-ryuk-fb931438-1b3d-4455-b838-0927fdc19efc,0.00,2.4
14:49:54,heuristic_archimedes,2.40,504.1
14:49:54,zealous_hopper,196.92,287.4
14:49:54,testcontainers-ryuk-fb931438-1b3d-4455-b838-0927fdc19efc,0.00,2.4
14:49:59,heuristic_archimedes,2.52,504.7
14:49:59,zealous_hopper,192.54,290.7
14:49:59,testcontainers-ryuk-fb931438-1b3d-4455-b838-0927fdc19efc,0.00,2.4
14:50:04,heuristic_archimedes,2.62,504.8
14:50:04,zealous_hopper,188.24,286.9
14:50:04,testcontainers-ryuk-fb931438-1b3d-4455-b838-0927fdc19efc,0.00,2.4
14:50:09,heuristic_archimedes,1.03,504.6
14:50:09,zealous_hopper,192.82,290.7
14:50:09,testcontainers-ryuk-fb931438-1b3d-4455-b838-0927fdc19efc,0.00,2.4
14:50:14,heuristic_archimedes,4.26,505.3
14:50:14,zealous_hopper,190.52,290.5
14:50:14,testcontainers-ryuk-fb931438-1b3d-4455-b838-0927fdc19efc,0.00,2.4
14:50:19,heuristic_archimedes,1.41,505.3
14:50:19,zealous_hopper,194.17,287.5
14:50:19,testcontainers-ryuk-fb931438-1b3d-4455-b838-0927fdc19efc,0.00,2.4
14:50:25,heuristic_archimedes,1.06,505.7
14:50:25,zealous_hopper,196.87,287.5
14:50:25,testcontainers-ryuk-fb931438-1b3d-4455-b838-0927fdc19efc,0.00,2.4
14:50:30,heuristic_archimedes,1.04,505.7
14:50:30,zealous_hopper,197.74,291.9
14:50:30,testcontainers-ryuk-fb931438-1b3d-4455-b838-0927fdc19efc,0.00,2.4
14:50:35,heuristic_archimedes,1.66,506.3
14:50:35,zealous_hopper,194.71,287.9
14:50:35,testcontainers-ryuk-fb931438-1b3d-4455-b838-0927fdc19efc,0.00,2.4
14:50:40,heuristic_archimedes,1.77,506.3
14:50:40,zealous_hopper,193.78,287.9
14:50:40,testcontainers-ryuk-fb931438-1b3d-4455-b838-0927fdc19efc,0.00,2.4
14:50:45,heuristic_archimedes,1.61,506.6
14:50:45,zealous_hopper,195.69,289.7
14:50:45,testcontainers-ryuk-fb931438-1b3d-4455-b838-0927fdc19efc,0.00,2.4
14:50:50,heuristic_archimedes,2.20,506.4
14:50:50,zealous_hopper,194.68,292.7
14:50:50,testcontainers-ryuk-fb931438-1b3d-4455-b838-0927fdc19efc,0.00,2.4
14:50:55,heuristic_archimedes,2.28,507.3
14:50:55,zealous_hopper,192.85,292.7
14:50:55,testcontainers-ryuk-fb931438-1b3d-4455-b838-0927fdc19efc,0.00,2.4
14:51:00,heuristic_archimedes,2.16,507.2
14:51:00,zealous_hopper,195.27,348.5
14:51:00,testcontainers-ryuk-fb931438-1b3d-4455-b838-0927fdc19efc,0.00,2.4
14:51:05,heuristic_archimedes,2.45,507.4
14:51:05,zealous_hopper,192.77,288.4
14:51:05,testcontainers-ryuk-fb931438-1b3d-4455-b838-0927fdc19efc,0.00,2.4
14:51:11,heuristic_archimedes,0.80,507.8
14:51:11,zealous_hopper,187.99,286.8
14:51:11,testcontainers-ryuk-fb931438-1b3d-4455-b838-0927fdc19efc,0.00,2.4
14:51:16,heuristic_archimedes,2.32,508.0
14:51:16,zealous_hopper,194.41,286.9
14:51:16,testcontainers-ryuk-fb931438-1b3d-4455-b838-0927fdc19efc,0.00,2.4
14:51:21,heuristic_archimedes,1.53,508.1
14:51:21,zealous_hopper,194.89,294.5
14:51:21,testcontainers-ryuk-fb931438-1b3d-4455-b838-0927fdc19efc,0.00,2.4
14:51:26,heuristic_archimedes,1.84,508.4
14:51:26,zealous_hopper,190.80,290.6
14:51:26,testcontainers-ryuk-fb931438-1b3d-4455-b838-0927fdc19efc,0.00,2.4
14:51:31,heuristic_archimedes,2.11,508.7
14:51:31,zealous_hopper,193.96,293.7
14:51:31,testcontainers-ryuk-fb931438-1b3d-4455-b838-0927fdc19efc,0.00,2.4
14:51:36,heuristic_archimedes,2.01,508.8
14:51:36,zealous_hopper,192.65,286.9
14:51:36,testcontainers-ryuk-fb931438-1b3d-4455-b838-0927fdc19efc,0.00,2.4
14:51:41,heuristic_archimedes,1.87,509.2
14:51:41,zealous_hopper,192.69,287.3
14:51:41,testcontainers-ryuk-fb931438-1b3d-4455-b838-0927fdc19efc,0.00,2.4
14:51:46,heuristic_archimedes,2.11,508.9
14:51:46,zealous_hopper,136.60,302.9
14:51:46,testcontainers-ryuk-fb931438-1b3d-4455-b838-0927fdc19efc,0.00,2.4
14:51:51,heuristic_archimedes,3.68,509.1
14:51:51,zealous_hopper,14.22,237.4
14:51:51,testcontainers-ryuk-fb931438-1b3d-4455-b838-0927fdc19efc,0.00,2.4
14:51:56,heuristic_archimedes,3.91,509.3
14:51:56,zealous_hopper,14.90,237.5
14:51:56,testcontainers-ryuk-fb931438-1b3d-4455-b838-0927fdc19efc,0.00,2.4
14:52:01,heuristic_archimedes,3.63,509.2
14:52:01,zealous_hopper,15.84,237.5
14:52:01,testcontainers-ryuk-fb931438-1b3d-4455-b838-0927fdc19efc,0.00,2.4
14:52:07,heuristic_archimedes,4.05,510.2
14:52:07,zealous_hopper,14.55,237.5
14:52:07,testcontainers-ryuk-fb931438-1b3d-4455-b838-0927fdc19efc,0.00,2.4
14:52:12,heuristic_archimedes,4.18,510.3
14:52:12,zealous_hopper,15.81,237.6
14:52:12,testcontainers-ryuk-fb931438-1b3d-4455-b838-0927fdc19efc,0.00,2.4
14:52:17,heuristic_archimedes,4.17,510.2
14:52:17,zealous_hopper,16.07,237.4
14:52:17,testcontainers-ryuk-fb931438-1b3d-4455-b838-0927fdc19efc,0.00,2.4
14:52:22,heuristic_archimedes,3.65,511.8
14:52:22,zealous_hopper,16.55,237.6
14:52:22,testcontainers-ryuk-fb931438-1b3d-4455-b838-0927fdc19efc,0.00,2.4
14:52:27,heuristic_archimedes,3.53,511.7
14:52:27,zealous_hopper,16.57,237.5
14:52:27,testcontainers-ryuk-fb931438-1b3d-4455-b838-0927fdc19efc,0.00,2.4
14:52:32,heuristic_archimedes,3.84,511.6
14:52:32,zealous_hopper,16.24,237.7
14:52:32,testcontainers-ryuk-fb931438-1b3d-4455-b838-0927fdc19efc,0.00,2.4
14:52:37,heuristic_archimedes,3.90,511.7
14:52:37,zealous_hopper,17.64,237.7
14:52:37,testcontainers-ryuk-fb931438-1b3d-4455-b838-0927fdc19efc,0.00,2.4
14:52:42,heuristic_archimedes,3.92,512.9
14:52:42,zealous_hopper,17.73,237.7
14:52:42,testcontainers-ryuk-fb931438-1b3d-4455-b838-0927fdc19efc,0.00,2.4
14:52:47,heuristic_archimedes,4.11,512.7
14:52:47,zealous_hopper,15.50,237.8
14:52:47,testcontainers-ryuk-fb931438-1b3d-4455-b838-0927fdc19efc,0.00,2.4
14:52:52,heuristic_archimedes,3.88,512.8
14:52:52,zealous_hopper,14.12,237.7
14:52:52,testcontainers-ryuk-fb931438-1b3d-4455-b838-0927fdc19efc,0.00,2.4
14:52:57,heuristic_archimedes,3.86,512.8
14:52:57,zealous_hopper,14.66,237.6
14:52:57,testcontainers-ryuk-fb931438-1b3d-4455-b838-0927fdc19efc,0.00,2.4
14:53:02,heuristic_archimedes,3.97,514.8
14:53:02,zealous_hopper,14.51,237.9
14:53:02,testcontainers-ryuk-fb931438-1b3d-4455-b838-0927fdc19efc,0.00,2.4
14:53:07,heuristic_archimedes,3.71,514.9
14:53:07,zealous_hopper,14.25,237.8
14:53:07,testcontainers-ryuk-fb931438-1b3d-4455-b838-0927fdc19efc,0.00,2.4
14:53:12,heuristic_archimedes,3.73,514.9
14:53:12,zealous_hopper,15.07,237.6
14:53:12,testcontainers-ryuk-fb931438-1b3d-4455-b838-0927fdc19efc,0.00,2.4
14:53:17,heuristic_archimedes,8.03,514.6
14:53:17,zealous_hopper,9.25,237.7
14:53:17,testcontainers-ryuk-fb931438-1b3d-4455-b838-0927fdc19efc,0.00,2.4
14:53:22,heuristic_archimedes,1.06,514.7
14:53:22,zealous_hopper,2.75,237.7
14:53:22,testcontainers-ryuk-fb931438-1b3d-4455-b838-0927fdc19efc,0.00,2.4
14:53:27,heuristic_archimedes,1.06,515.0
14:53:27,zealous_hopper,2.76,237.6
14:53:27,testcontainers-ryuk-fb931438-1b3d-4455-b838-0927fdc19efc,0.00,2.4
14:53:33,heuristic_archimedes,1.03,514.9
14:53:33,zealous_hopper,2.82,237.7
14:53:33,testcontainers-ryuk-fb931438-1b3d-4455-b838-0927fdc19efc,0.00,2.4
14:53:38,heuristic_archimedes,1.08,514.7
14:53:38,zealous_hopper,2.78,237.8
14:53:38,testcontainers-ryuk-fb931438-1b3d-4455-b838-0927fdc19efc,0.00,2.4
14:53:43,heuristic_archimedes,0.94,514.9
14:53:43,zealous_hopper,2.78,237.7
14:53:43,testcontainers-ryuk-fb931438-1b3d-4455-b838-0927fdc19efc,0.00,2.4
14:53:48,heuristic_archimedes,1.06,514.9
14:53:48,zealous_hopper,2.81,238.0
14:53:48,testcontainers-ryuk-fb931438-1b3d-4455-b838-0927fdc19efc,0.00,2.4
14:53:53,heuristic_archimedes,0.90,514.8
14:53:53,zealous_hopper,2.77,237.8
14:53:53,testcontainers-ryuk-fb931438-1b3d-4455-b838-0927fdc19efc,0.00,2.4
14:53:58,heuristic_archimedes,0.93,515.0
14:53:58,zealous_hopper,2.90,238.0
14:53:58,testcontainers-ryuk-fb931438-1b3d-4455-b838-0927fdc19efc,0.00,2.4
14:54:03,heuristic_archimedes,0.92,514.8
14:54:03,zealous_hopper,2.89,237.8
14:54:03,testcontainers-ryuk-fb931438-1b3d-4455-b838-0927fdc19efc,0.00,2.4
14:54:08,heuristic_archimedes,1.02,514.7
14:54:08,zealous_hopper,2.87,238.0
14:54:08,testcontainers-ryuk-fb931438-1b3d-4455-b838-0927fdc19efc,0.00,2.4
14:54:13,heuristic_archimedes,0.90,515.0
14:54:13,zealous_hopper,2.86,237.8
14:54:13,testcontainers-ryuk-fb931438-1b3d-4455-b838-0927fdc19efc,0.00,2.4
14:54:18,heuristic_archimedes,1.11,514.7
14:54:18,zealous_hopper,17.36,239.1
14:54:18,testcontainers-ryuk-fb931438-1b3d-4455-b838-0927fdc19efc,0.00,2.4
14:54:23,heuristic_archimedes,4.09,515.0
14:54:23,zealous_hopper,24.31,238.9
14:54:23,testcontainers-ryuk-fb931438-1b3d-4455-b838-0927fdc19efc,0.00,2.4
14:54:28,heuristic_archimedes,4.10,516.3
14:54:28,zealous_hopper,25.33,238.8
14:54:28,testcontainers-ryuk-fb931438-1b3d-4455-b838-0927fdc19efc,0.00,2.4
14:54:33,heuristic_archimedes,4.38,516.2
14:54:33,zealous_hopper,30.38,238.9
14:54:33,testcontainers-ryuk-fb931438-1b3d-4455-b838-0927fdc19efc,0.00,2.4
14:54:38,heuristic_archimedes,4.64,516.3
14:54:38,zealous_hopper,37.46,238.8
14:54:38,testcontainers-ryuk-fb931438-1b3d-4455-b838-0927fdc19efc,0.00,2.4
14:54:43,heuristic_archimedes,3.64,516.3
14:54:43,zealous_hopper,43.26,236.4
14:54:43,testcontainers-ryuk-fb931438-1b3d-4455-b838-0927fdc19efc,0.00,2.4
14:54:48,heuristic_archimedes,4.09,517.5
14:54:48,zealous_hopper,14.80,236.3
14:54:48,testcontainers-ryuk-fb931438-1b3d-4455-b838-0927fdc19efc,0.00,2.4
14:54:53,heuristic_archimedes,3.81,517.5
14:54:53,zealous_hopper,14.46,234.0
14:54:53,testcontainers-ryuk-fb931438-1b3d-4455-b838-0927fdc19efc,0.00,2.4
14:54:58,heuristic_archimedes,3.60,517.5
14:54:58,zealous_hopper,13.11,234.3
14:54:58,testcontainers-ryuk-fb931438-1b3d-4455-b838-0927fdc19efc,0.00,2.4
14:55:04,heuristic_archimedes,3.42,517.4
14:55:04,zealous_hopper,13.47,234.3
14:55:04,testcontainers-ryuk-fb931438-1b3d-4455-b838-0927fdc19efc,0.00,2.4
14:55:09,heuristic_archimedes,3.91,518.5
14:55:09,zealous_hopper,14.98,232.1
14:55:09,testcontainers-ryuk-fb931438-1b3d-4455-b838-0927fdc19efc,0.00,2.4
14:55:14,heuristic_archimedes,3.47,518.4
14:55:14,zealous_hopper,11.45,231.3
14:55:14,testcontainers-ryuk-fb931438-1b3d-4455-b838-0927fdc19efc,0.00,2.4
14:55:19,heuristic_archimedes,3.54,518.3
14:55:19,zealous_hopper,8.29,231.1
14:55:19,testcontainers-ryuk-fb931438-1b3d-4455-b838-0927fdc19efc,0.00,2.4
14:55:24,heuristic_archimedes,4.20,518.6
14:55:24,zealous_hopper,10.46,230.8
14:55:24,testcontainers-ryuk-fb931438-1b3d-4455-b838-0927fdc19efc,0.00,2.4
14:55:29,heuristic_archimedes,3.57,519.3
14:55:29,zealous_hopper,8.30,231.0
14:55:29,testcontainers-ryuk-fb931438-1b3d-4455-b838-0927fdc19efc,0.00,2.4
14:55:34,heuristic_archimedes,3.64,519.4
14:55:34,zealous_hopper,8.14,230.9
14:55:34,testcontainers-ryuk-fb931438-1b3d-4455-b838-0927fdc19efc,0.00,2.4
14:55:39,heuristic_archimedes,3.48,519.3
14:55:39,zealous_hopper,8.19,231.6
14:55:39,testcontainers-ryuk-fb931438-1b3d-4455-b838-0927fdc19efc,0.00,2.4
14:55:44,heuristic_archimedes,3.69,519.3
14:55:44,zealous_hopper,8.83,231.6
14:55:44,testcontainers-ryuk-fb931438-1b3d-4455-b838-0927fdc19efc,0.00,2.4
14:55:49,heuristic_archimedes,9.53,520.3
14:55:49,zealous_hopper,16.38,234.5
14:55:49,testcontainers-ryuk-fb931438-1b3d-4455-b838-0927fdc19efc,0.00,2.4
14:55:54,heuristic_archimedes,4.02,520.6
14:55:54,zealous_hopper,8.10,234.6
14:55:54,testcontainers-ryuk-fb931438-1b3d-4455-b838-0927fdc19efc,0.00,2.4
14:55:59,heuristic_archimedes,3.80,520.4
14:55:59,zealous_hopper,7.98,234.6
14:55:59,testcontainers-ryuk-fb931438-1b3d-4455-b838-0927fdc19efc,0.00,2.4
14:56:04,heuristic_archimedes,3.54,520.3
14:56:04,zealous_hopper,7.70,234.7
14:56:04,testcontainers-ryuk-fb931438-1b3d-4455-b838-0927fdc19efc,0.00,2.4
14:56:09,heuristic_archimedes,6.59,521.8
14:56:09,zealous_hopper,7.87,234.8
14:56:09,testcontainers-ryuk-fb931438-1b3d-4455-b838-0927fdc19efc,0.00,2.4
14:56:14,heuristic_archimedes,4.38,521.9
14:56:14,zealous_hopper,7.98,234.7
14:56:14,testcontainers-ryuk-fb931438-1b3d-4455-b838-0927fdc19efc,0.00,2.4
14:56:19,heuristic_archimedes,3.68,521.9
14:56:19,zealous_hopper,8.07,234.9
14:56:19,testcontainers-ryuk-fb931438-1b3d-4455-b838-0927fdc19efc,0.00,2.4
14:56:24,heuristic_archimedes,3.77,522.1
14:56:24,zealous_hopper,8.88,234.7
14:56:24,testcontainers-ryuk-fb931438-1b3d-4455-b838-0927fdc19efc,0.00,2.4
14:56:30,heuristic_archimedes,3.89,521.9
14:56:30,zealous_hopper,8.26,234.9
14:56:30,testcontainers-ryuk-fb931438-1b3d-4455-b838-0927fdc19efc,0.00,2.4
14:56:35,heuristic_archimedes,3.82,523.1
14:56:35,zealous_hopper,7.51,235.1
14:56:35,testcontainers-ryuk-fb931438-1b3d-4455-b838-0927fdc19efc,0.00,2.4
14:56:40,heuristic_archimedes,3.51,523.2
14:56:40,zealous_hopper,7.69,235.0
14:56:40,testcontainers-ryuk-fb931438-1b3d-4455-b838-0927fdc19efc,0.00,2.4
14:56:45,heuristic_archimedes,4.90,523.0
14:56:45,zealous_hopper,13.92,235.1
14:56:45,testcontainers-ryuk-fb931438-1b3d-4455-b838-0927fdc19efc,0.00,2.4
14:56:50,heuristic_archimedes,3.83,523.2
14:56:50,zealous_hopper,9.35,235.0
14:56:50,testcontainers-ryuk-fb931438-1b3d-4455-b838-0927fdc19efc,0.00,2.4
14:56:55,heuristic_archimedes,3.85,523.0
14:56:55,zealous_hopper,10.49,235.3
14:56:55,testcontainers-ryuk-fb931438-1b3d-4455-b838-0927fdc19efc,0.00,2.4
14:57:00,heuristic_archimedes,3.70,523.3
14:57:00,zealous_hopper,11.10,235.6
14:57:00,testcontainers-ryuk-fb931438-1b3d-4455-b838-0927fdc19efc,0.00,2.4
14:57:05,heuristic_archimedes,3.74,523.2
14:57:05,zealous_hopper,11.20,235.6
14:57:05,testcontainers-ryuk-fb931438-1b3d-4455-b838-0927fdc19efc,0.00,2.4
14:57:10,heuristic_archimedes,4.84,523.2
14:57:10,zealous_hopper,11.10,235.5
14:57:10,testcontainers-ryuk-fb931438-1b3d-4455-b838-0927fdc19efc,0.00,2.4
14:57:15,heuristic_archimedes,4.02,523.2
14:57:15,zealous_hopper,11.04,235.6
14:57:15,testcontainers-ryuk-fb931438-1b3d-4455-b838-0927fdc19efc,0.00,2.4
14:57:20,heuristic_archimedes,6.38,525.3
14:57:20,zealous_hopper,11.35,235.6
14:57:20,testcontainers-ryuk-fb931438-1b3d-4455-b838-0927fdc19efc,0.00,2.4
14:57:25,heuristic_archimedes,3.85,525.3
14:57:25,zealous_hopper,12.47,235.7
14:57:25,testcontainers-ryuk-fb931438-1b3d-4455-b838-0927fdc19efc,0.00,2.4
14:57:30,heuristic_archimedes,3.45,525.1
14:57:30,zealous_hopper,11.22,235.5
14:57:30,testcontainers-ryuk-fb931438-1b3d-4455-b838-0927fdc19efc,0.00,2.4
14:57:35,heuristic_archimedes,3.55,525.3
14:57:35,zealous_hopper,11.11,235.4
14:57:35,testcontainers-ryuk-fb931438-1b3d-4455-b838-0927fdc19efc,0.00,2.4
14:57:40,heuristic_archimedes,3.86,525.4
14:57:40,zealous_hopper,11.84,235.5
14:57:40,testcontainers-ryuk-fb931438-1b3d-4455-b838-0927fdc19efc,0.00,2.4
14:57:45,heuristic_archimedes,3.65,526.5
14:57:45,zealous_hopper,11.42,235.8
14:57:45,testcontainers-ryuk-fb931438-1b3d-4455-b838-0927fdc19efc,0.00,2.4
14:57:50,heuristic_archimedes,3.38,526.5
14:57:50,zealous_hopper,12.95,235.4
14:57:50,testcontainers-ryuk-fb931438-1b3d-4455-b838-0927fdc19efc,0.00,2.4
14:57:56,heuristic_archimedes,3.81,526.6
14:57:56,zealous_hopper,15.39,235.6
14:57:56,testcontainers-ryuk-fb931438-1b3d-4455-b838-0927fdc19efc,0.00,2.4
14:58:01,heuristic_archimedes,4.25,526.6
14:58:01,zealous_hopper,15.92,235.6
14:58:01,testcontainers-ryuk-fb931438-1b3d-4455-b838-0927fdc19efc,0.00,2.4
14:58:06,heuristic_archimedes,3.91,526.5
14:58:06,zealous_hopper,15.37,235.6
14:58:06,testcontainers-ryuk-fb931438-1b3d-4455-b838-0927fdc19efc,0.00,2.4
14:58:11,heuristic_archimedes,3.27,529.0
14:58:11,zealous_hopper,15.63,235.9
14:58:11,testcontainers-ryuk-fb931438-1b3d-4455-b838-0927fdc19efc,0.00,2.4
14:58:16,heuristic_archimedes,3.74,529.2
14:58:16,zealous_hopper,15.10,235.4
14:58:16,testcontainers-ryuk-fb931438-1b3d-4455-b838-0927fdc19efc,0.00,2.4
14:58:21,heuristic_archimedes,3.68,529.1
14:58:21,zealous_hopper,15.30,235.6
14:58:21,testcontainers-ryuk-fb931438-1b3d-4455-b838-0927fdc19efc,0.00,2.4
14:58:26,heuristic_archimedes,3.32,529.0
14:58:26,zealous_hopper,13.59,235.8
14:58:26,testcontainers-ryuk-fb931438-1b3d-4455-b838-0927fdc19efc,0.00,2.4
14:58:31,heuristic_archimedes,3.85,529.2
14:58:31,zealous_hopper,14.80,235.8
14:58:31,testcontainers-ryuk-fb931438-1b3d-4455-b838-0927fdc19efc,0.00,2.4
14:58:36,heuristic_archimedes,3.47,531.2
14:58:36,zealous_hopper,14.51,235.6
14:58:36,testcontainers-ryuk-fb931438-1b3d-4455-b838-0927fdc19efc,0.00,2.4
14:58:41,heuristic_archimedes,3.76,531.1
14:58:41,zealous_hopper,12.57,235.8
14:58:41,testcontainers-ryuk-fb931438-1b3d-4455-b838-0927fdc19efc,0.00,2.4
14:58:46,heuristic_archimedes,3.84,531.1
14:58:46,zealous_hopper,7.72,235.8
14:58:46,testcontainers-ryuk-fb931438-1b3d-4455-b838-0927fdc19efc,0.00,2.4
14:58:51,heuristic_archimedes,0.90,530.9
14:58:51,zealous_hopper,0.06,179.7
14:58:51,testcontainers-ryuk-fb931438-1b3d-4455-b838-0927fdc19efc,0.02,2.4
