time	epoch	pending	oldest_seconds	done_rows
11:27:51	1788168471	8	0	250691
11:27:52	1788168472	523	1	250926
11:27:54	1788168474	1121	3	250926
11:27:55	1788168475	1782	4	238656
11:27:57	1788168477	2392	6	238656
11:27:59	1788168479	3004	8	238656
11:28:00	1788168480	3671	9	238656
11:28:02	1788168482	4348	11	238656
11:28:04	1788168484	5045	13	238656
11:28:06	1788168486	5802	15	238656
11:28:07	1788168487	6515	16	238656
11:28:10	1788168490	7264	18	238656
11:28:11	1788168491	8044	20	238656
11:28:13	1788168493	8633	22	238656
11:28:14	1788168494	9239	23	238656
11:28:16	1788168496	9837	25	238656
11:28:17	1788168497	10433	26	238656
11:28:19	1788168499	11032	28	238656
11:28:20	1788168500	11653	29	238656
11:28:22	1788168502	12274	31	238656
11:28:23	1788168503	12876	32	238656
11:28:25	1788168505	13495	34	238656
11:28:26	1788168506	14105	35	226103
11:28:28	1788168508	14730	37	226103
11:28:29	1788168509	15315	38	226103
11:28:31	1788168511	15959	40	226103
11:28:32	1788168512	16539	41	226103
11:28:34	1788168514	17144	43	226103
11:28:36	1788168516	17778	45	226103
11:28:37	1788168517	18420	46	226103
11:28:39	1788168519	19041	48	226103
11:28:40	1788168520	19722	49	226103
11:28:42	1788168522	20390	51	226103
11:28:44	1788168524	21045	53	226103
11:28:45	1788168525	21739	54	226103
11:28:47	1788168527	22406	56	226103
11:28:49	1788168529	23053	58	226103
11:28:51	1788168531	23966	60	226103
11:28:53	1788168533	24721	62	226103
11:28:55	1788168535	25437	64	226103
11:28:57	1788168537	26256	66	226103
11:28:59	1788168539	22940	66	229815
11:29:02	1788168542	18978	64	222196
11:29:04	1788168544	10404	51	231678
11:29:06	1788168546	532	31	242949
11:29:08	1788168548	2	0	244425
11:29:10	1788168550	2	0	245116
11:29:12	1788168552	6	0	245877
11:29:13	1788168553	4	0	246615
11:29:15	1788168555	2	0	247250
11:29:16	1788168556	5	0	247901
11:29:18	1788168558	5	0	248595
11:29:20	1788168560	5	0	249271
11:29:22	1788168562	3	0	249981
11:29:23	1788168563	4	0	250617
11:29:25	1788168565	3	0	251241
11:29:26	1788168566	4	0	251877
11:29:28	1788168568	6	0	252491
11:29:30	1788168570	4	0	253128
11:29:31	1788168571	2	0	240521
11:29:33	1788168573	2	0	241154
11:29:35	1788168575	2	0	241776
11:29:36	1788168576	3	0	242502
11:29:38	1788168578	2	0	243141
11:29:39	1788168579	1	0	243782
11:29:41	1788168581	4	0	244413
11:29:43	1788168583	3	0	245055
11:29:44	1788168584	3	0	245723
11:29:46	1788168586	2	0	246341
11:29:47	1788168587	4	0	246989
11:29:49	1788168589	5	0	247630
11:29:51	1788168591	4	0	248320
11:29:53	1788168593	346	1	248658
11:29:54	1788168594	1072	3	248658
11:29:56	1788168596	1688	4	248658
11:29:58	1788168598	2336	6	248658
11:30:00	1788168600	3077	8	248658
11:30:02	1788168602	3835	10	248658
11:30:04	1788168604	4649	12	248658
11:30:06	1788168606	5546	14	236194
11:30:08	1788168608	6383	16	236194
11:30:10	1788168610	7201	18	236194
11:30:12	1788168612	8131	20	236194
11:30:14	1788168614	8974	22	236194
11:30:17	1788168617	9809	25	236194
11:30:21	1788168621	10636	27	236194
11:30:23	1788168623	12017	31	236194
11:30:25	1788168625	13019	33	236194
11:30:26	1788168626	13703	35	236194
11:30:28	1788168628	14341	36	236194
11:30:30	1788168630	15006	38	236194
11:30:31	1788168631	15650	40	236194
11:30:33	1788168633	16270	41	236194
11:30:34	1788168634	16908	43	223042
11:30:36	1788168636	17542	44	223042
11:30:38	1788168638	18165	46	223042
11:30:39	1788168639	18816	48	223042
11:30:41	1788168641	19446	49	223042
11:30:42	1788168642	20067	51	223042
11:30:44	1788168644	20721	52	223042
11:30:46	1788168646	21389	54	223042
11:30:48	1788168648	22060	56	223042
11:30:49	1788168649	22803	58	223042
11:30:51	1788168651	23443	59	223042
11:30:52	1788168652	24102	61	223042
11:30:54	1788168654	24761	63	223042
11:30:56	1788168656	25403	64	223042
11:30:57	1788168657	26045	66	223042
11:30:59	1788168659	26674	67	223042
11:31:01	1788168661	27369	69	223042
11:31:03	1788168663	28056	71	223042
11:31:04	1788168664	28806	73	223042
11:31:06	1788168666	29507	74	210639
11:31:08	1788168668	30184	76	210639
11:31:10	1788168670	30860	78	210639
11:31:11	1788168671	31558	80	210639
11:31:13	1788168673	32209	81	210639
11:31:14	1788168674	32883	83	210639
11:31:16	1788168676	33539	84	210639
11:31:18	1788168678	34231	86	210639
11:31:20	1788168680	34916	88	210639
11:31:21	1788168681	35629	90	210639
11:31:23	1788168683	36311	91	210639
11:31:25	1788168685	36998	93	210639
11:31:27	1788168687	37675	95	210639
11:31:28	1788168688	38366	97	210639
11:31:30	1788168690	39079	98	210639
11:31:32	1788168692	39783	100	210639
11:31:34	1788168694	40465	102	210639
11:31:35	1788168695	41170	104	210639
11:31:37	1788168697	41937	105	210639
11:31:39	1788168699	42649	107	198193
11:31:41	1788168701	43453	109	198193
11:31:43	1788168703	44203	111	198193
11:31:45	1788168705	44928	113	198193
11:31:47	1788168707	45665	115	198193
11:31:48	1788168708	46381	117	198193
11:31:50	1788168710	47097	118	198193
11:31:52	1788168712	47825	120	198193
11:31:55	1788168715	48517	122	198193
11:31:56	1788168716	49586	125	198193
11:31:58	1788168718	50320	126	198193
11:32:00	1788168720	51068	128	198193
11:32:02	1788168722	51864	130	198193
11:32:04	1788168724	52600	132	198193
11:32:06	1788168726	53388	134	198193
11:32:08	1788168728	54112	136	198193
11:32:10	1788168730	54857	138	198193
11:32:11	1788168731	55603	140	185137
11:32:13	1788168733	56317	141	185137
11:32:15	1788168735	57045	143	185137
11:32:17	1788168737	57755	145	185137
11:32:19	1788168739	58460	147	185137
11:32:21	1788168741	59239	149	185137
11:32:22	1788168742	59986	151	185137
11:32:24	1788168744	60691	152	185137
11:32:26	1788168746	61360	154	185137
11:32:27	1788168747	62013	156	185137
11:32:29	1788168749	62641	157	185137
11:32:31	1788168751	63333	159	185137
11:32:32	1788168752	63972	161	185137
11:32:34	1788168754	64623	162	185137
11:32:36	1788168756	65322	164	185137
11:32:37	1788168757	65948	166	185137
11:32:39	1788168759	66662	167	185137
11:32:41	1788168761	67337	169	185137
11:32:42	1788168762	68002	171	180660
11:32:44	1788168764	68685	172	171869
11:32:46	1788168766	69369	174	171869
11:32:47	1788168767	69997	176	171869
11:32:49	1788168769	70660	177	171869
11:32:51	1788168771	71318	179	171869
11:32:52	1788168772	71950	181	171869
11:32:54	1788168774	72608	182	171869
11:32:56	1788168776	73294	184	171869
11:32:57	1788168777	73961	186	171869
11:32:59	1788168779	74674	187	171869
11:33:01	1788168781	75371	189	171869
11:33:03	1788168783	76061	191	171869
11:33:04	1788168784	76775	193	171869
11:33:06	1788168786	77420	194	171869
11:33:07	1788168787	78099	196	171869
11:33:09	1788168789	78736	198	171869
11:33:11	1788168791	79400	199	171869
11:33:13	1788168793	80083	201	171869
11:33:14	1788168794	80755	203	159360
11:33:16	1788168796	81410	204	159360
11:33:18	1788168798	82068	206	159360
11:33:19	1788168799	82788	208	159360
11:33:21	1788168801	83406	209	159360
11:33:22	1788168802	84055	211	159360
11:33:24	1788168804	84726	213	159360
11:33:26	1788168806	85399	214	159360
11:33:27	1788168807	86051	216	159360
11:33:29	1788168809	86716	217	159360
11:33:31	1788168811	87354	219	159360
11:33:32	1788168812	88005	221	159360
11:33:34	1788168814	88624	222	159360
11:33:36	1788168816	89299	224	159360
11:33:37	1788168817	89965	226	159360
11:33:39	1788168819	90610	227	159360
11:33:40	1788168820	91317	229	159360
11:33:42	1788168822	91936	231	159360
11:33:44	1788168824	92583	232	159360
11:33:46	1788168826	93313	234	147009
11:33:47	1788168827	93987	236	147009
11:33:49	1788168829	94659	237	147009
11:33:51	1788168831	95323	239	147009
11:33:52	1788168832	95948	241	147009
11:33:54	1788168834	96575	242	147009
11:33:56	1788168836	97274	244	147009
11:33:58	1788168838	98088	246	147009
11:33:59	1788168839	98769	248	147009
11:34:01	1788168841	99448	249	147009
11:34:03	1788168843	99873	251	147009
11:34:05	1788168845	100570	253	147009
11:34:07	1788168847	101265	255	147009
11:34:08	1788168848	102002	257	147009
11:34:11	1788168851	102758	258	147009
11:34:13	1788168853	103611	261	147009
11:34:15	1788168855	104519	263	147009
11:34:16	1788168856	105161	265	147009
11:34:18	1788168858	105883	266	134369
11:34:20	1788168860	106537	268	134369
11:34:22	1788168862	107289	270	134369
11:34:24	1788168864	108108	272	134369
11:34:26	1788168866	108875	274	134369
11:34:28	1788168868	109549	276	134369
11:34:30	1788168870	109353	278	134369
11:34:32	1788168872	110133	280	135393
11:34:34	1788168874	109858	281	135393
11:34:36	1788168876	110658	283	136417
11:34:37	1788168877	110408	284	136417
11:34:40	1788168880	111171	286	137441
11:34:42	1788168882	111138	289	138465
11:34:43	1788168883	111783	290	138465
11:34:45	1788168885	111438	291	138465
11:34:47	1788168887	112191	293	139489
11:34:49	1788168889	111864	294	139489
11:34:51	1788168891	112632	296	127613
11:34:53	1788168893	112434	298	127613
11:34:55	1788168895	113167	300	128637
11:34:57	1788168897	112967	299	128637
11:34:59	1788168899	113724	301	129661
11:35:01	1788168901	113492	302	129661
11:35:03	1788168903	114353	304	130685
11:35:05	1788168905	114135	304	130685
11:35:07	1788168907	114897	306	131709
11:35:09	1788168909	114621	307	131709
11:35:11	1788168911	115438	309	132733
11:35:13	1788168913	115210	307	132733
11:35:15	1788168915	116073	310	133757
11:35:17	1788168917	115846	311	133764
11:35:19	1788168919	116657	313	134781
11:35:21	1788168921	116388	312	134788
11:35:23	1788168923	117166	314	123129
11:35:25	1788168925	117026	315	122920
11:35:26	1788168926	117764	317	123937
11:35:28	1788168928	117486	318	124835
11:35:30	1788168930	117190	319	124968
11:35:32	1788168932	117883	320	125985
11:35:34	1788168934	118178	322	125985
11:35:36	1788168936	118398	323	127009
11:35:38	1788168938	118144	323	127016
11:35:39	1788168939	118831	325	128033
11:35:41	1788168941	118543	324	128040
11:35:43	1788168943	119234	326	129057
11:35:45	1788168945	118965	325	129064
11:35:47	1788168947	119766	327	130081
11:35:49	1788168949	119529	326	130088
11:35:51	1788168951	119266	328	131112
11:35:52	1788168952	119935	329	132129
11:35:54	1788168954	119630	330	119307
11:35:56	1788168956	120351	330	119935
11:35:58	1788168958	121080	332	119935
11:36:00	1788168960	120936	334	120959
11:36:02	1788168962	120654	335	120966
11:36:04	1788168964	121390	336	121983
11:36:06	1788168966	121155	338	121990
11:36:08	1788168968	122059	340	123007
11:36:10	1788168970	121904	342	123014
11:36:12	1788168972	122671	343	124031
11:36:14	1788168974	122386	344	124988
11:36:16	1788168976	122113	346	125062
11:36:18	1788168978	122906	348	126079
11:36:19	1788168979	122590	350	126086
11:36:21	1788168981	123269	348	127103
11:36:23	1788168983	123036	350	127110
11:36:25	1788168985	123669	352	127165
11:36:27	1788168987	124426	353	115596
11:36:29	1788168989	124160	355	115603
11:36:31	1788168991	124837	355	116620
11:36:32	1788168992	124652	356	117644
11:36:34	1788168994	124397	353	117651
11:36:36	1788168996	125097	352	118668
11:36:38	1788168998	125878	354	118668
11:36:40	1788169000	125673	356	118675
11:36:42	1788169002	126411	356	119692
11:36:44	1788169004	126167	356	120716
11:36:46	1788169006	126355	358	120723
11:36:48	1788169008	126618	356	121675
11:36:50	1788169010	127349	358	121740
11:36:51	1788169011	127101	358	121747
11:36:53	1788169013	127549	360	122764
11:36:55	1788169015	127538	362	123788
11:36:57	1788169017	128209	363	123788
11:36:59	1788169019	127964	358	111920
11:37:01	1788169021	128664	360	112177
11:37:02	1788169022	128442	362	112184
11:37:04	1788169024	129201	359	113201
11:37:06	1788169026	128898	360	113208
11:37:08	1788169028	129663	361	114225
11:37:10	1788169030	129498	362	114232
11:37:12	1788169032	130370	363	115249
11:37:14	1788169034	130177	364	115256
11:37:16	1788169036	130868	365	116273
11:37:18	1788169038	130613	366	116280
11:37:20	1788169040	131334	368	117297
11:37:22	1788169042	131188	368	117304
11:37:24	1788169044	131894	370	118321
11:37:26	1788169046	131673	371	118328
11:37:28	1788169048	132351	373	119345
11:37:29	1788169049	132115	374	106704
11:37:31	1788169051	132833	376	107721
11:37:33	1788169053	132574	376	107728
11:37:35	1788169055	133093	377	108745
11:37:37	1788169057	132958	379	109571
11:37:38	1788169058	133633	381	109769
11:37:40	1788169060	133285	381	109776
11:37:42	1788169062	134119	383	110793
11:37:44	1788169064	133929	384	111817
11:37:46	1788169066	134583	386	111817
11:37:48	1788169068	134308	387	111824
11:37:50	1788169070	135023	389	112841
11:37:51	1788169072	134728	389	112848
11:37:53	1788169074	135486	391	113865
11:37:55	1788169075	135281	389	113872
11:37:57	1788169077	136035	391	114889
11:38:00	1788169080	135930	393	114896
11:38:02	1788169082	136955	395	115913
11:38:04	1788169084	136690	396	103381
11:38:06	1788169086	137576	399	104398
11:38:08	1788169088	137347	399	104405
11:38:10	1788169090	138054	400	105422
11:38:12	1788169092	137869	398	105429
11:38:14	1788169094	138567	400	106446
11:38:16	1788169096	138310	402	106456
11:38:17	1788169097	139008	401	107470
11:38:19	1788169099	138778	401	108240
11:38:21	1788169101	138501	403	108504
11:38:23	1788169103	139177	405	109326
11:38:25	1788169105	139161	406	109525
11:38:27	1788169107	139584	408	109528
11:38:28	1788169108	140316	410	110542
11:38:30	1788169110	140020	412	110552
11:38:32	1788169112	140702	412	111566
11:38:34	1788169114	140423	413	111480
11:38:36	1788169116	141246	407	99299
11:38:38	1788169118	140950	409	99309
11:38:40	1788169120	141756	411	100323
11:38:42	1788169122	141559	413	100333
11:38:44	1788169124	142360	414	101347
11:38:46	1788169126	142176	414	101357
11:38:48	1788169128	142937	416	102371
11:38:50	1788169130	142777	412	103078
11:38:52	1788169132	143473	414	103395
11:38:54	1788169134	143209	414	103836
11:38:56	1788169136	143922	415	104419
11:38:58	1788169138	143704	417	104429
11:39:00	1788169140	144535	416	105443
11:39:01	1788169141	144297	416	105453
11:39:03	1788169143	145016	418	106467
11:39:06	1788169146	144804	419	106477
11:39:07	1788169148	145636	421	94809
11:39:10	1788169150	145398	422	94832
11:39:13	1788169153	146215	423	95833
11:39:15	1788169155	146355	426	95856
11:39:17	1788169157	147138	428	96857
11:39:19	1788169159	146922	427	96880
11:39:21	1788169161	147725	429	97881
11:39:23	1788169163	147593	429	98469
11:39:25	1788169165	148264	431	98905
11:39:26	1788169166	148018	432	98928
11:39:28	1788169168	148702	434	99929
11:39:30	1788169170	148422	435	99952
11:39:32	1788169172	149186	437	100953
11:39:34	1788169174	148919	436	100976
11:39:36	1788169176	149737	439	101977
11:39:38	1788169178	149503	440	98739
11:39:40	1788169180	150176	442	90212
11:39:42	1788169182	149990	440	90235
11:39:44	1788169184	150722	442	91236
11:39:46	1788169186	150514	444	91259
11:39:48	1788169188	151367	446	92260
11:39:49	1788169189	151077	448	93152
11:39:51	1788169191	151771	450	93152
11:39:53	1788169193	151618	451	93307
11:39:55	1788169195	152272	449	94176
11:39:57	1788169197	152132	451	94331
11:39:59	1788169199	152757	448	95200
11:40:01	1788169201	152651	450	95355
11:40:04	1788169204	153480	451	96224
11:40:06	1788169206	153639	454	96379
11:40:08	1788169208	154305	455	97248
11:40:10	1788169210	154318	457	84658
11:40:12	1788169212	155043	457	85527
11:40:15	1788169215	154990	459	85682
11:40:17	1788169217	155708	460	86551
11:40:19	1788169219	155752	462	86706
11:40:21	1788169221	156456	464	87575
11:40:23	1788169223	156343	466	87730
11:40:25	1788169225	156989	464	88599
11:40:27	1788169227	156939	466	88754
11:40:29	1788169229	157519	467	89559
11:40:31	1788169231	157563	469	89778
11:40:33	1788169233	158105	470	90583
11:40:35	1788169235	158086	472	90802
11:40:37	1788169237	158687	472	91607
11:40:39	1788169239	158680	474	91826
11:40:41	1788169241	159287	475	92631
11:40:43	1788169243	159303	477	80372
11:40:45	1788169245	159790	476	81129
11:40:47	1788169247	159791	478	81396
11:40:49	1788169249	160396	478	82153
11:40:51	1788169251	160412	480	82420
11:40:53	1788169253	160877	481	83177
11:40:54	1788169255	160919	483	83444
11:40:56	1788169256	161398	483	84201
11:40:59	1788169259	161375	485	84468
11:41:01	1788169261	161953	486	85241
11:41:02	1788169262	162036	488	85492
11:41:05	1788169265	162560	487	86249
11:41:06	1788169266	162579	489	86516
11:41:08	1788169268	163079	491	87273
11:41:11	1788169271	163132	493	87540
11:41:13	1788169273	163726	495	88297
11:41:15	1788169275	163842	497	75752
11:41:17	1788169277	164452	499	76509
11:41:20	1788169280	164655	502	76776
11:41:22	1788169282	165354	499	77533
11:41:24	1788169284	165431	501	77800
11:41:26	1788169286	165940	503	78557
11:41:28	1788169288	166024	505	78824
11:41:30	1788169290	166580	506	79581
11:41:32	1788169292	166624	508	79848
11:41:34	1788169294	167174	506	80605
11:41:36	1788169296	167282	508	80872
11:41:38	1788169298	167798	509	81629
11:41:40	1788169300	167829	511	81896
11:41:42	1788169302	168381	512	82653
11:41:44	1788169304	168499	514	82920
11:41:46	1788169306	169087	510	83626
11:41:49	1788169309	169154	512	71133
11:41:51	1788169311	169837	513	71890
11:41:53	1788169313	169911	515	72157
11:41:55	1788169315	170514	516	72914
11:41:57	1788169317	170591	518	73181
11:41:59	1788169319	171089	519	73938
11:42:01	1788169321	171135	521	74205
11:42:04	1788169324	171614	515	74962
11:42:06	1788169326	171956	517	75662
11:42:08	1788169328	172543	519	75986
11:42:10	1788169330	172519	521	76253
11:42:12	1788169332	172989	520	77010
11:42:13	1788169333	172970	522	77277
11:42:16	1788169336	173514	520	78034
11:42:18	1788169338	173612	522	78301
11:42:20	1788169340	174209	522	66067
11:42:22	1788169342	174372	524	66334
11:42:24	1788169344	174865	524	67091
11:42:26	1788169346	174947	526	67358
11:42:28	1788169348	175564	524	68115
11:42:30	1788169350	175619	526	68382
11:42:32	1788169352	176171	527	69139
11:42:34	1788169354	176131	529	69406
11:42:36	1788169356	176700	527	70163
11:42:38	1788169358	176776	529	70430
11:42:41	1788169361	177291	528	71187
11:42:43	1788169363	177407	530	71454
11:42:45	1788169365	177971	531	72211
11:42:47	1788169367	178071	533	72478
11:42:49	1788169369	178518	535	73171
11:42:52	1788169372	178892	538	73502
11:42:54	1788169374	179488	538	61208
11:42:56	1788169376	179580	540	61539
11:42:58	1788169378	180023	541	62232
11:43:00	1788169380	180210	543	62563
11:43:02	1788169382	180737	543	63256
11:43:04	1788169384	180924	544	63587
11:43:07	1788169387	181541	546	64280
11:43:08	1788169388	181700	547	64611
11:43:11	1788169391	182420	548	64611
11:43:13	1788169393	182946	551	65304
11:43:15	1788169395	183113	553	65635
11:43:17	1788169397	183632	555	66328
11:43:19	1788169399	183725	553	66659
11:43:21	1788169401	184305	555	67352
11:43:25	1788169405	184398	557	67683
11:43:27	1788169407	185259	560	55202
11:43:29	1788169409	185384	559	55533
11:43:31	1788169411	185963	561	56226
11:43:33	1788169413	186766	563	56226
11:43:35	1788169415	186848	563	56557
11:43:38	1788169418	187484	565	57250
11:43:40	1788169420	187771	567	57581
11:43:43	1788169423	188319	569	58274
11:43:45	1788169425	188625	571	58605
11:43:48	1788169428	189452	573	59298
11:43:51	1788169431	190600	576	59298
11:43:54	1788169434	190957	579	59629
11:43:57	1788169437	191943	581	60322
11:44:00	1788169440	192387	584	60653
11:44:03	1788169443	193297	584	47635
11:44:06	1788169446	194247	587	47635
11:44:08	1788169448	194771	590	47960
11:44:11	1788169451	195430	592	48659
11:44:13	1788169453	195657	594	48984
11:44:15	1788169455	196296	591	49683
11:44:17	1788169457	197195	594	49683
11:44:19	1788169459	197384	596	50008
11:44:22	1788169462	197864	597	50707
11:44:24	1788169464	198094	600	51032
11:44:26	1788169466	198623	600	51731
11:44:28	1788169468	198875	602	52056
11:44:31	1788169471	199349	603	52755
11:44:33	1788169473	199475	605	53080
11:44:35	1788169475	200012	605	40274
11:44:37	1788169477	200184	607	40599
11:44:39	1788169479	200680	607	41298
11:44:41	1788169481	200853	610	41623
11:44:43	1788169483	201272	610	42322
11:44:45	1788169485	201374	612	42647
11:44:47	1788169487	201747	613	43346
11:44:49	1788169489	201776	615	43671
11:44:50	1788169490	202234	611	44370
11:44:52	1788169492	202283	613	44695
11:44:54	1788169494	202657	615	45394
11:44:56	1788169496	202822	617	45719
11:44:58	1788169498	203287	619	46418
11:45:00	1788169500	203370	621	46743
11:45:02	1788169502	203942	617	47442
11:45:05	1788169505	204026	619	47767
11:45:06	1788169506	204562	620	35596
11:45:09	1788169509	204623	622	35921
11:45:11	1788169511	205141	623	36620
11:45:13	1788169513	205291	625	36945
11:45:15	1788169515	205840	619	37644
11:45:17	1788169517	206017	621	37969
11:45:19	1788169519	206543	623	38668
11:45:21	1788169521	206645	625	38993
11:45:23	1788169523	207146	626	39692
11:45:25	1788169525	207262	628	40017
11:45:28	1788169528	207808	630	40716
11:45:30	1788169530	207975	633	41044
11:45:32	1788169532	208389	634	41740
11:45:33	1788169534	208491	636	42068
11:45:36	1788169536	208963	638	42764
11:45:38	1788169538	209271	640	42968
11:45:39	1788169539	209888	642	30303
11:45:42	1788169542	210372	641	30999
11:45:44	1788169544	210509	643	31327
11:45:46	1788169546	210955	644	32023
11:45:48	1788169548	211140	646	32351
11:45:50	1788169550	211736	645	33047
11:45:52	1788169552	211949	648	33375
11:45:55	1788169555	212479	642	34071
11:45:57	1788169557	212674	644	34399
11:45:59	1788169559	213245	646	35095
11:46:01	1788169561	213451	648	35423
11:46:03	1788169563	213932	648	36119
11:46:06	1788169566	214040	650	36447
11:46:08	1788169568	214568	642	37143
11:46:10	1788169570	214958	645	37471
11:46:12	1788169572	215501	646	25383
11:46:14	1788169574	216232	648	25383
11:46:17	1788169577	216432	650	25711
11:46:19	1788169579	216941	650	26407
11:46:20	1788169581	217019	652	26735
11:46:23	1788169583	217549	652	27431
11:46:25	1788169585	217656	654	27759
11:46:31	1788169591	218747	657	28783
11:46:34	1788169594	219214	658	29807
11:46:37	1788169597	219382	660	30831
11:46:40	1788169600	220300	663	31527
11:46:43	1788169603	220547	665	32551
11:46:46	1788169606	221118	668	19679
11:46:49	1788169609	221404	671	20703
11:46:52	1788169612	222300	672	21399
11:46:56	1788169616	222484	672	22423
11:46:59	1788169619	222729	674	23385
11:47:02	1788169622	223404	678	23775
11:47:05	1788169625	224269	679	24471
11:47:08	1788169628	224537	679	25495
11:47:12	1788169632	225112	683	25823
11:47:15	1788169635	226012	685	26519
11:47:18	1788169638	226238	684	15259
11:47:21	1788169641	226778	687	15587
11:47:24	1788169644	227039	689	16611
11:47:27	1788169647	227300	691	17635
11:47:32	1788169652	228388	695	18331
11:47:35	1788169655	229027	695	18908
11:47:38	1788169658	229539	698	19683
11:47:41	1788169661	230339	695	20379
11:47:44	1788169664	230533	697	21403
11:47:47	1788169667	230740	700	22427
11:47:51	1788169671	231216	703	11215
11:47:54	1788169674	231507	705	12239
11:47:57	1788169677	232449	708	12935
11:48:00	1788169680	232628	711	13959
11:48:03	1788169683	233159	714	14287
11:48:06	1788169686	233332	711	15311
11:48:09	1788169689	234178	713	16007
11:48:12	1788169692	234388	715	17031
11:48:15	1788169695	234675	718	18055
11:48:18	1788169698	235001	720	19079
11:48:21	1788169701	235451	723	8396
11:48:25	1788169705	235668	724	9420
11:48:28	1788169708	236586	723	10116
11:48:31	1788169711	236795	723	11143
11:48:35	1788169715	236982	724	12096
11:48:38	1788169718	237915	728	12492
11:48:41	1788169721	238062	724	13516
11:48:44	1788169724	238958	726	14215
11:48:47	1788169727	239162	728	15239
11:48:50	1788169730	239662	731	15564
11:48:53	1788169733	239926	733	6081
11:48:56	1788169736	240825	732	6780
11:48:59	1788169739	241387	735	7105
11:49:03	1788169743	241619	738	8129
11:49:06	1788169746	242687	739	8828
11:49:10	1788169750	243112	740	9664
11:49:13	1788169753	243760	744	10177
11:49:17	1788169757	244748	747	10876
11:49:20	1788169760	245374	750	11201
11:49:23	1788169763	245716	753	12225
11:49:27	1788169767	246724	754	3909
11:49:30	1788169770	247358	757	4234
11:49:33	1788169774	248331	760	4933
11:49:38	1788169778	248805	764	5957
11:49:41	1788169781	249729	768	6282
11:49:45	1788169785	250826	771	6981
11:49:48	1788169788	251474	774	7306
11:49:51	1788169791	251757	777	8330
11:49:55	1788169795	252760	776	9029
11:49:58	1788169798	253490	780	1688
11:50:01	1788169801	254539	783	2387
11:50:05	1788169805	254826	782	3411
11:50:08	1788169808	255444	785	3736
11:50:11	1788169811	255683	773	4760
11:50:14	1788169814	256537	773	5459
11:50:17	1788169817	256736	772	6483
11:50:20	1788169820	256890	774	7507
11:50:23	1788169823	257325	777	7832
11:50:26	1788169826	257454	776	8856
11:50:28	1788169828	258274	775	1415
11:50:31	1788169831	258402	772	2439
11:50:35	1788169835	258868	775	2759
11:50:38	1788169838	259161	777	3783
11:50:41	1788169841	260074	780	4487
11:50:44	1788169844	260577	782	4807
11:50:47	1788169847	260812	785	5831
11:50:50	1788169850	261717	788	6535
11:50:53	1788169853	261887	791	7433
11:50:56	1788169856	262420	790	7879
11:50:59	1788169859	263345	793	8583
11:51:02	1788169862	263597	793	1298
11:51:06	1788169866	264137	795	1682
11:51:09	1788169869	265159	798	2386
11:51:12	1788169872	265718	798	2706
11:51:15	1788169875	265938	801	3664
11:51:18	1788169878	266897	804	4434
11:51:21	1788169881	267220	806	5003
11:51:24	1788169884	267513	807	5712
11:51:28	1788169888	268581	810	6482
11:51:31	1788169891	268805	811	7506
11:51:34	1788169894	269293	813	1158
11:51:37	1788169897	270258	816	1928
11:51:40	1788169900	270582	819	2943
11:51:43	1788169903	270977	820	3151
11:51:46	1788169906	271972	823	3967
11:51:49	1788169909	272228	825	4991
11:51:52	1788169913	272699	827	5199
11:51:56	1788169916	273698	830	6015
11:51:59	1788169919	273957	831	7039
11:52:02	1788169922	274360	827	7247
11:52:05	1788169925	275420	831	876
11:52:08	1788169928	275624	832	1900
11:52:11	1788169931	276113	834	2108
11:52:15	1788169935	277215	837	2924
11:52:18	1788169938	277502	833	3809
11:52:21	1788169941	277870	835	4156
11:52:24	1788169944	278928	838	4972
11:52:27	1788169947	279440	837	5180
11:52:30	1788169950	279675	839	6204
11:52:34	1788169954	280697	842	7020
11:52:37	1788169957	281085	844	7227
11:52:40	1788169960	282128	847	1038
11:52:43	1788169963	282282	844	2062
11:52:46	1788169966	283483	847	2062
11:52:49	1788169969	283771	850	3086
11:52:52	1788169972	284184	850	3294
11:52:55	1788169975	284339	852	4318
11:52:58	1788169978	285371	855	5134
11:53:01	1788169981	285761	855	5342
11:53:04	1788169984	285936	858	6366
11:53:07	1788169987	286989	861	7182
11:53:11	1788169991	287460	862	1038
11:53:14	1788169994	288568	866	1038
11:53:17	1788169997	288795	869	1809
11:53:20	1788170000	289189	871	2270
11:53:23	1788170003	290185	874	3086
11:53:26	1788170006	290697	874	3294
11:53:29	1788170009	290863	875	4318
11:53:32	1788170012	291969	879	5134
11:53:36	1788170016	292381	879	5342
11:53:39	1788170019	292724	881	6177
11:53:42	1788170022	293806	884	217
11:53:45	1788170025	294008	884	1031
11:53:48	1788170028	295138	887	1847
11:53:51	1788170031	295575	885	2055
11:53:54	1788170034	296638	888	2871
11:53:58	1788170038	296853	890	3895
11:54:01	1788170041	297277	891	4103
11:54:04	1788170044	298302	894	4919
11:54:07	1788170047	298536	896	5825
11:54:10	1788170050	298931	899	6151
11:54:13	1788170053	299995	902	1024
11:54:16	1788170056	300410	903	1232
11:54:19	1788170059	301478	907	1024
11:54:23	1788170063	301735	907	2048
11:54:26	1788170066	302142	909	2256
11:54:29	1788170069	303167	912	3072
11:54:32	1788170072	303324	913	4096
11:54:35	1788170075	303748	916	4304
11:54:38	1788170078	304741	919	5120
11:54:41	1788170081	305113	921	5328
11:54:44	1788170084	305403	924	6352
11:54:48	1788170088	306462	927	1024
11:54:51	1788170091	307100	931	1232
11:54:54	1788170094	308179	934	1024
11:54:57	1788170097	308482	934	1753
11:55:00	1788170100	308891	937	2256
11:55:04	1788170104	309916	940	3072
11:55:07	1788170107	310388	943	3280
11:55:10	1788170110	311460	946	4096
11:55:13	1788170114	311745	942	5120
11:55:17	1788170117	312276	943	5328
11:55:20	1788170120	313338	946	1024
11:55:23	1788170123	313802	948	1168
11:55:26	1788170126	314870	951	961
11:55:29	1788170129	315301	953	1168
11:55:32	1788170132	315751	957	2106
11:55:36	1788170136	316594	960	3009
11:55:39	1788170139	317041	959	3216
11:55:42	1788170142	318050	962	4033
11:55:45	1788170145	318613	965	4240
11:55:48	1788170148	319638	968	5057
11:55:52	1788170152	320119	969	5264
11:55:55	1788170155	321316	972	1024
11:55:58	1788170158	321855	973	207
11:56:01	1788170161	322089	975	1231
11:56:05	1788170165	323140	978	2048
11:56:08	1788170168	323568	979	2255
11:56:11	1788170171	324662	982	3072
11:56:15	1788170175	325220	975	3279
11:56:18	1788170178	326386	978	4096
11:56:22	1788170182	326779	980	5120
11:56:25	1788170185	327328	983	5327
11:56:28	1788170188	328416	986	1024
11:56:31	1788170191	328867	986	207
11:56:35	1788170195	329937	990	1024
11:56:38	1788170198	330385	987	1231
11:56:41	1788170201	330613	990	2255
11:56:44	1788170204	331651	993	3072
11:56:47	1788170207	332146	994	3279
11:56:50	1788170210	333125	997	4096
11:56:54	1788170214	333563	999	4303
11:56:57	1788170217	334111	1002	5311
11:57:00	1788170220	334997	1005	1024
11:57:03	1788170223	335515	1007	273
11:57:06	1788170226	336497	1010	1024
11:57:09	1788170229	336928	1013	1297
11:57:13	1788170233	337953	1016	2048
11:57:16	1788170236	338276	1018	2878
11:57:19	1788170239	338832	1017	3345
11:57:22	1788170242	339845	1020	4096
11:57:26	1788170246	340345	1019	4369
11:57:29	1788170249	341348	1023	5120
11:57:32	1788170252	341883	1026	5393
11:57:35	1788170255	342887	1029	751
11:57:38	1788170258	343464	1031	1024
11:57:41	1788170261	343685	1030	2048
11:57:45	1788170265	344666	1033	2799
11:57:48	1788170268	345187	1028	3072
11:57:51	1788170271	346272	1031	3823
11:57:55	1788170275	346792	1033	4096
11:57:58	1788170278	348141	1037	4847
11:58:02	1788170282	348613	1039	5120
11:58:05	1788170285	349625	1042	5871
11:58:08	1788170288	350182	1043	273
11:58:11	1788170291	350484	1040	1113
11:58:14	1788170294	351315	1043	2048
11:58:17	1788170297	351887	1045	2321
11:58:21	1788170301	352889	1048	3072
11:58:24	1788170304	353393	1051	3345
11:58:27	1788170307	354348	1054	4096
11:58:30	1788170310	354854	1049	4369
11:58:33	1788170313	355797	1052	5120
11:58:36	1788170316	356290	1055	5393
11:58:40	1788170320	357282	1058	5820
11:58:43	1788170323	357854	1062	273
11:58:46	1788170326	358128	1064	1297
11:58:49	1788170329	359132	1068	2048
11:58:52	1788170332	359667	1064	2321
11:58:55	1788170335	360627	1067	3072
11:58:59	1788170339	361952	1071	3072
11:59:02	1788170342	362516	1072	3345
11:59:06	1788170346	363625	1075	4096
11:59:09	1788170349	364196	1077	0
11:59:12	1788170352	365159	1080	751
11:59:15	1788170355	365680	1079	273
11:59:18	1788170358	366726	1083	1024
11:59:22	1788170362	367237	1085	1297
11:59:25	1788170365	368226	1088	2048
11:59:28	1788170368	368711	1090	2321
11:59:31	1788170371	368972	1089	3345
11:59:34	1788170374	369976	1093	4096
11:59:38	1788170378	370585	1092	4369
11:59:41	1788170381	371553	1095	751
11:59:44	1788170384	372105	1095	273
11:59:47	1788170387	373148	1098	1024
11:59:51	1788170391	373680	1097	1297
11:59:54	1788170394	374665	1100	2048
11:59:57	1788170397	375163	1097	2321
12:00:01	1788170401	376424	1101	2321
12:00:04	1788170404	377755	1104	3072
12:00:08	1788170408	378404	1106	3345
12:00:12	1788170412	379577	1109	4096
12:00:16	1788170416	380330	1110	273
12:00:19	1788170419	381519	1114	751
12:00:23	1788170423	382319	1117	1024
12:00:26	1788170426	383396	1120	1775
12:00:30	1788170430	383975	1123	2048
12:00:33	1788170433	385022	1127	2799
12:00:36	1788170436	385513	1127	3072
12:00:39	1788170439	386542	1131	3823
12:00:42	1788170442	387119	1133	4096
12:00:46	1788170446	388082	1136	751
12:00:49	1788170449	388633	1139	278
12:00:52	1788170452	389617	1142	1024
12:00:55	1788170455	390186	1145	1302
12:00:58	1788170458	391195	1148	2048
12:01:02	1788170462	391734	1150	2326
12:01:06	1788170466	392963	1153	3072
12:01:09	1788170469	394406	1157	3072
12:01:13	1788170473	395016	1157	3350
12:01:16	1788170476	396207	1161	4096
12:01:21	1788170481	396920	1163	278
12:01:25	1788170485	398308	1167	1024
12:01:28	1788170488	399881	1171	1024
12:01:32	1788170492	400641	1173	1302
12:01:36	1788170496	401858	1177	2048
12:01:40	1788170500	402824	1180	2326
12:01:43	1788170504	404340	1184	2326
12:01:47	1788170507	405386	1187	3072
12:01:51	1788170511	406034	1187	278
12:01:54	1788170514	407202	1191	746
12:01:58	1788170518	407825	1189	1024
12:02:01	1788170521	408952	1193	1770
12:02:05	1788170525	410289	1196	1770
12:02:08	1788170528	411134	1193	2048
12:02:12	1788170532	412226	1197	2794
12:02:15	1788170535	412786	1200	3072
12:02:18	1788170538	413740	1203	3818
12:02:21	1788170541	414278	1201	4096
12:02:24	1788170544	415226	1204	801
12:02:27	1788170547	415735	1206	1024
12:02:30	1788170550	416662	1209	1770
12:02:33	1788170553	417208	1210	2048
12:02:37	1788170557	418102	1213	2794
12:02:40	1788170560	418588	1216	3072
12:02:43	1788170563	419516	1219	3818
12:02:46	1788170566	420021	1222	4096
12:02:49	1788170569	421032	1225	4842
12:02:52	1788170572	421607	1220	5120
12:02:56	1788170576	422610	1223	746
12:02:59	1788170579	423197	1225	278
12:03:02	1788170582	424170	1228	1024
12:03:06	1788170586	424781	1231	1302
12:03:09	1788170589	425848	1234	1808
12:03:13	1788170593	427337	1238	2060
12:03:16	1788170596	427906	1240	2326
12:03:19	1788170599	428986	1244	3084
12:03:23	1788170603	429602	1247	3350
12:03:26	1788170606	430714	1250	4108
12:03:30	1788170610	431327	1250	266
12:03:33	1788170613	432364	1254	1024
12:03:36	1788170616	432931	1253	1290
12:03:40	1788170620	433938	1256	2048
12:03:43	1788170623	434592	1258	2314
12:03:46	1788170627	435707	1261	3072
12:03:50	1788170630	436310	1265	3338
12:03:53	1788170633	437370	1268	4096
12:03:57	1788170637	437953	1269	4362
12:04:00	1788170640	439330	1272	0
12:04:03	1788170643	440339	1275	758
12:04:07	1788170647	440989	1272	1024
12:04:11	1788170651	442204	1276	1782
12:04:15	1788170655	443142	1276	2048
12:04:18	1788170658	444255	1279	2806
12:04:21	1788170661	444881	1280	3072
12:04:25	1788170665	445930	1283	3830
12:04:28	1788170668	446618	1284	4096
12:04:32	1788170672	447665	1287	4850
12:04:35	1788170675	448241	1290	5116
12:04:38	1788170678	449257	1293	1024
12:04:41	1788170681	449817	1296	1290
12:04:45	1788170685	450875	1299	2048
12:04:48	1788170688	452199	1302	2048
12:04:52	1788170692	452736	1302	2314
12:04:55	1788170695	453922	1306	3072
12:04:59	1788170699	454618	1309	3338
12:05:02	1788170702	455685	1313	4096
12:05:05	1788170705	456289	1310	279
12:05:09	1788170709	457315	1313	1024
12:05:12	1788170713	457884	1309	1024
12:05:16	1788170716	459137	1313	1769
12:05:19	1788170719	459687	1308	2048
12:05:22	1788170722	461035	1311	2048
12:05:26	1788170726	462065	1314	2793
12:05:29	1788170729	462636	1317	3072
12:05:32	1788170732	463644	1321	3817
12:05:36	1788170736	464221	1324	4096
12:05:40	1788170740	465534	1328	745
12:05:43	1788170743	466170	1331	1024
12:05:46	1788170746	467492	1334	279
12:05:50	1788170750	468573	1338	1024
12:05:54	1788170754	469327	1341	1303
12:05:58	1788170758	470488	1344	2048
12:06:02	1788170762	472098	1348	2048
12:06:06	1788170766	473145	1353	2327
12:06:10	1788170770	474329	1356	3072
12:06:13	1788170773	475116	1357	279
12:06:18	1788170778	476501	1361	408
12:06:21	1788170781	478028	1365	1024
12:06:25	1788170785	478758	1367	1024
12:06:29	1788170789	479937	1371	1769
12:06:32	1788170792	480617	1366	2048
12:06:36	1788170796	481664	1369	2793
12:06:39	1788170799	482369	1365	3072
12:06:42	1788170802	483419	1369	3817
12:06:46	1788170806	484718	1372	745
12:06:49	1788170809	485293	1371	1024
12:06:52	1788170812	486358	1375	1769
12:06:56	1788170816	486995	1378	2048
12:06:59	1788170819	488092	1381	1024
12:07:03	1788170823	488762	1384	1303
12:07:06	1788170826	489818	1387	2048
12:07:09	1788170830	491171	1391	2048
12:07:13	1788170833	491788	1393	2327
12:07:17	1788170837	492972	1397	3072
12:07:21	1788170841	493719	1400	279
12:07:24	1788170844	494951	1404	1024
12:07:28	1788170848	496401	1407	1024
12:07:31	1788170851	497008	1407	1303
12:07:35	1788170855	498130	1411	1024
12:07:38	1788170858	498931	1409	1303
12:07:42	1788170862	499989	1413	2048
12:07:46	1788170866	501385	1416	2048
12:07:49	1788170869	502077	1404	2327
12:07:53	1788170873	503250	1407	745
12:07:56	1788170876	503940	1404	1024
12:08:00	1788170880	505079	1408	1769
12:08:04	1788170884	505806	1407	2048
12:08:07	1788170887	507079	1411	958
12:08:11	1788170891	507897	1412	1201
12:08:15	1788170895	509271	1416	1201
12:08:18	1788170898	510421	1420	1982
12:08:23	1788170903	511345	1422	2225
12:08:27	1788170907	512786	1427	657
12:08:31	1788170911	513617	1424	1024
12:08:34	1788170914	514777	1427	1681
12:08:38	1788170918	515618	1427	2048
12:08:42	1788170922	517116	1431	2048
12:08:46	1788170926	518449	1435	1024
12:08:50	1788170930	519277	1435	1391
12:08:54	1788170934	520405	1439	2048
12:08:58	1788170938	521509	1441	2415
12:09:02	1788170942	522600	1444	1024
12:09:06	1788170946	523475	1447	1391
12:09:09	1788170949	525113	1451	1391
12:09:13	1788170953	526231	1455	2048
12:09:17	1788170957	527050	1456	2415
12:09:21	1788170961	528335	1460	1024
12:09:26	1788170966	529195	1463	1391
12:09:29	1788170969	530624	1468	2048
12:09:34	1788170974	532152	1472	657
12:09:38	1788170978	533318	1476	1024
12:09:42	1788170982	534412	1480	1681
12:09:45	1788170985	535271	1483	2048
12:09:49	1788170989	536417	1487	2705
12:09:53	1788170993	537254	1489	1024
12:09:56	1788170996	538682	1493	1024
12:10:00	1788171000	539808	1496	1681
12:10:05	1788171005	540708	1496	2048
12:10:08	1788171008	542052	1500	1024
12:10:12	1788171012	542927	1501	1391
12:10:16	1788171016	544056	1505	1920
12:10:20	1788171020	545576	1509	2048
12:10:23	1788171023	546527	1512	304
12:10:28	1788171028	547592	1516	896
12:10:32	1788171032	548784	1519	1281
12:10:36	1788171036	549861	1523	1903
12:10:40	1788171040	551060	1527	351
12:10:43	1788171043	552565	1531	402
12:10:47	1788171047	553634	1534	948
12:10:51	1788171051	554575	1538	1375
12:10:55	1788171055	555798	1542	597
12:10:59	1788171059	556689	1544	1024
12:11:03	1788171063	558161	1548	1024
12:11:07	1788171067	559338	1552	1621
12:11:11	1788171071	560437	1546	2048
12:11:15	1788171075	561705	1550	597
12:11:19	1788171079	563264	1554	597
12:11:23	1788171083	564155	1558	1024
12:11:27	1788171087	565361	1562	1621
12:11:31	1788171091	566306	1564	1024
12:11:35	1788171095	567939	1568	1024
12:11:39	1788171099	569215	1573	1621
12:11:43	1788171103	570242	1574	2048
12:11:47	1788171107	571229	1577	597
12:11:50	1788171110	572740	1581	597
12:11:54	1788171114	573592	1579	1024
12:11:58	1788171118	574618	1582	1621
12:12:02	1788171122	575496	1585	2048
12:12:05	1788171125	577119	1589	427
12:12:10	1788171130	578173	1593	1024
12:12:14	1788171134	579382	1597	1451
12:12:18	1788171138	580603	1601	2048
12:12:22	1788171142	581757	1599	1015
12:12:27	1788171147	583328	1603	1024
12:12:31	1788171151	584604	1607	1621
12:12:36	1788171156	586530	1612	1621
12:12:41	1788171161	587725	1615	2048
12:12:45	1788171165	589338	1620	1024
12:12:49	1788171169	590477	1623	1451
12:12:53	1788171173	592042	1627	0
12:12:57	1788171177	593196	1631	597
12:13:01	1788171181	594256	1635	1024
12:13:05	1788171185	595334	1639	1621
12:13:09	1788171189	596918	1643	1621
12:13:13	1788171193	598015	1647	2048
12:13:17	1788171197	599187	1651	2645
12:13:21	1788171201	600384	1655	623
12:13:25	1788171205	601656	1658	0
12:13:29	1788171209	602976	1663	597
12:13:33	1788171213	603955	1666	1024
12:13:37	1788171217	605437	1670	1024
12:13:42	1788171222	606651	1674	1621
12:13:45	1788171225	607801	1678	2048
12:13:49	1788171229	609025	1682	2633
12:13:54	1788171234	610459	1686	2645
12:13:58	1788171238	611579	1689	1030
12:14:02	1788171242	612911	1693	1024
12:14:06	1788171246	614527	1698	1024
12:14:11	1788171251	615642	1701	1457
12:14:16	1788171256	617237	1706	1953
12:14:20	1788171260	618973	1711	1953
12:14:24	1788171264	620183	1714	2451
12:14:29	1788171269	621485	1719	2977
12:14:33	1788171273	623131	1723	526
12:14:38	1788171278	624337	1727	435
12:14:43	1788171283	626345	1732	435
12:14:48	1788171288	627999	1738	1024
12:14:52	1788171292	629041	1741	1459
12:14:57	1788171297	630684	1745	1459
12:15:01	1788171301	632158	1750	2048
12:15:05	1788171305	633395	1753	388
12:15:10	1788171310	635027	1757	435
12:15:14	1788171314	636300	1761	1024
12:15:18	1788171318	637940	1765	1024
12:15:22	1788171322	638989	1765	1459
12:15:26	1788171326	640371	1770	2048
12:15:32	1788171332	642127	1774	2048
12:15:37	1788171337	643641	1777	2483
12:15:41	1788171341	645113	1782	589
12:15:49	1788171349	646817	1786	589
12:15:55	1788171355	649146	1793	1024
12:16:02	1788171362	651526	1799	1024
12:16:07	1788171367	653775	1806	1613
12:16:12	1788171372	655141	1807	2048
12:16:16	1788171376	657160	1812	0
12:16:21	1788171381	658566	1817	589
12:16:25	1788171385	659765	1820	1024
12:16:30	1788171390	661522	1824	1024
12:16:33	1788171394	662750	1828	1613
12:16:38	1788171398	663740	1832	2048
12:16:42	1788171402	665374	1836	2048
12:16:46	1788171406	666683	1840	589
12:16:51	1788171411	667834	1839	435
12:16:55	1788171415	669594	1843	435
12:17:00	1788171420	670900	1848	1024
12:17:07	1788171427	672808	1853	1024
12:17:13	1788171433	674983	1856	1459
12:17:20	1788171440	677543	1863	1459
12:17:26	1788171446	679675	1869	2048
12:17:32	1788171452	682214	1876	0
12:17:36	1788171456	683996	1879	435
12:17:41	1788171461	685371	1884	1024
12:17:45	1788171465	687094	1888	1024
12:17:49	1788171469	688249	1883	1459
12:17:53	1788171473	689452	1887	2048
12:17:58	1788171478	690950	1891	2048
12:18:02	1788171482	692176	1895	435
12:18:06	1788171486	693896	1899	435
12:18:11	1788171491	695136	1904	1024
12:18:15	1788171495	696455	1903	1459
12:18:19	1788171500	698226	1907	1459
12:18:24	1788171504	699456	1911	2048
12:18:28	1788171508	700558	1913	2483
12:18:33	1788171513	702429	1918	2483
12:18:40	1788171520	703912	1923	589
12:18:47	1788171527	706695	1930	589
12:18:55	1788171535	708754	1935	1024
12:19:02	1788171542	711734	1942	1024
12:19:08	1788171548	714858	1950	1024
12:19:15	1788171555	716796	1956	589
12:19:22	1788171562	719481	1963	589
12:19:27	1788171567	721340	1968	435
12:19:31	1788171571	722774	1972	1024
12:19:35	1788171575	724518	1977	1024
12:19:40	1788171580	725705	1979	1459
12:19:44	1788171584	727087	1984	2048
12:19:49	1788171589	728875	1988	589
12:19:54	1788171594	730178	1992	1024
12:19:58	1788171598	731632	1997	589
12:20:03	1788171603	733363	2002	589
12:20:09	1788171609	734895	2000	1024
12:20:14	1788171614	736901	2005	1024
12:20:18	1788171618	738480	2010	1613
12:20:23	1788171623	740275	2014	0
12:20:29	1788171629	741589	2016	435
12:20:35	1788171635	744114	2022	435
12:20:43	1788171643	746092	2028	589
12:20:48	1788171648	748964	2035	589
12:20:54	1788171654	750593	2037	1024
12:21:00	1788171660	752995	2043	1024
12:21:07	1788171667	754923	2049	526
12:21:13	1788171673	757615	2056	526
12:21:20	1788171680	759491	2055	498
12:21:25	1788171685	762152	2062	498
12:21:31	1788171691	763959	2068	1024
12:21:36	1788171696	765573	2072	1522
12:21:41	1788171701	767513	2077	498
12:21:45	1788171705	769028	2082	1024
12:21:50	1788171710	770303	2082	1522
12:21:56	1788171716	772014	2087	498
12:22:01	1788171721	773998	2094	1024
12:22:05	1788171725	775789	2098	1024
12:22:10	1788171730	777060	2097	1522
12:22:15	1788171735	778497	2102	526
12:22:20	1788171740	780391	2107	526
12:22:26	1788171746	781804	2110	1024
12:22:32	1788171752	784217	2116	498
12:22:40	1788171760	786190	2122	1024
12:22:47	1788171767	789314	2130	1024
12:22:55	1788171775	791572	2136	1522
12:23:02	1788171782	794832	2145	498
12:23:10	1788171791	797280	2152	1024
12:23:17	1788171797	800461	2160	526
12:23:24	1788171804	802637	2165	1024
12:23:31	1788171811	805251	2172	1024
12:23:38	1788171818	807538	2179	526
12:23:46	1788171826	810157	2186	526
12:23:53	1788171833	812708	2193	441
12:23:58	1788171838	815463	2200	498
12:24:04	1788171844	816879	2205	1015
12:24:09	1788171849	818698	2208	1465
12:24:14	1788171854	820656	2213	450
12:24:19	1788171859	822076	2218	1029
12:24:25	1788171865	824401	2224	1029
12:24:32	1788171872	826138	2225	445
12:24:37	1788171877	828717	2232	445
12:24:41	1788171881	830165	2237	1024
12:24:47	1788171887	831505	2238	1469
12:24:51	1788171891	833738	2243	445
12:24:58	1788171898	835012	2248	1024
12:25:05	1788171905	837638	2254	1024
12:25:11	1788171912	839932	2257	1469
12:25:20	1788171920	842552	2264	445
12:25:26	1788171926	845325	2272	1024
12:25:36	1788171936	848014	2279	579
12:25:43	1788171943	851194	2287	1024
12:25:51	1788171951	853938	2294	1024
12:25:59	1788171959	856539	2302	579
12:26:07	1788171967	859556	2311	579
12:26:15	1788171975	862061	2317	445
12:26:22	1788171982	865328	2326	445
12:26:31	1788171991	867769	2333	1024
12:26:38	1788171998	870891	2341	579
12:26:44	1788172004	873081	2342	1024
12:26:56	1788172016	875711	2348	1024
12:27:03	1788172023	878211	2360	579
12:27:09	1788172029	880774	2367	579
12:27:14	1788172034	882611	2373	445
12:27:18	1788172038	884639	2378	445
12:27:23	1788172043	886043	2382	1024
12:27:29	1788172049	887899	2387	1024
12:27:33	1788172053	889461	2383	445
12:27:39	1788172059	891361	2388	445
12:27:45	1788172065	893101	2393	1024
12:27:54	1788172074	895575	2400	0
12:28:02	1788172082	898621	2409	445
12:28:09	1788172089	901801	2417	445
12:28:16	1788172096	904166	2419	579
12:28:23	1788172103	906885	2426	579
12:28:31	1788172111	909039	2433	1024
12:28:42	1788172122	912432	2441	445
12:28:50	1788172130	915912	2449	957
12:28:59	1788172139	919070	2457	957
12:29:08	1788172148	922196	2465	977
12:29:17	1788172157	925487	2474	445
12:29:23	1788172163	928639	2483	957
12:29:32	1788172172	931173	2490	957
12:29:39	1788172179	934350	2498	957
12:29:48	1788172188	936575	2504	512
12:29:57	1788172197	940090	2513	512
12:30:06	1788172206	943277	2522	512
12:30:12	1788172212	946587	2531	512
12:30:18	1788172218	948629	2533	1024
12:30:23	1788172223	950787	2538	512
12:30:30	1788172230	952335	2543	1024
12:30:36	1788172236	954757	2551	512
12:30:41	1788172241	956338	2556	1024
12:30:46	1788172246	958431	2561	1024
12:30:51	1788172252	960064	2566	1536
12:30:56	1788172256	961608	2571	512
12:31:03	1788172263	963515	2576	512
12:31:08	1788172268	965628	2583	1024
12:31:17	1788172277	967700	2588	512
12:31:25	1788172285	970754	2596	1024
12:31:37	1788172297	973999	2604	1024
12:31:47	1788172307	978040	2616	512
12:31:55	1788172315	981895	2626	512
12:32:03	1788172323	984642	2631	512
12:32:10	1788172330	987588	2639	512
12:32:18	1788172338	990521	2646	512
12:32:27	1788172347	993420	2655	1024
12:32:35	1788172355	996640	2663	512
12:32:45	1788172365	999454	2669	446
12:32:53	1788172373	1003376	2679	446
12:33:01	1788172381	1006261	2688	1024
12:33:11	1788172391	1009329	2696	1024
12:33:19	1788172399	1012485	2703	446
12:33:26	1788172406	1015541	2711	446
12:33:34	1788172414	1018260	2719	1024
12:33:44	1788172424	1021167	2726	1024
12:33:56	1788172436	1024953	2737	1470
12:34:06	1788172446	1029115	2747	446
12:34:13	1788172453	1032825	2758	578
12:34:20	1788172460	1035737	2765	578
12:34:26	1788172466	1037777	2771	1024
12:34:32	1788172472	1039927	2776	1024
12:34:38	1788172478	1041926	2783	578
12:34:43	1788172483	1044247	2788	578
12:34:49	1788172489	1045927	2789	446
12:34:54	1788172494	1048125	2794	446
12:34:59	1788172499	1049682	2799	1024
12:35:05	1788172505	1051736	2805	1024
12:35:14	1788172514	1053700	2810	1470
12:35:23	1788172523	1057049	2819	446
12:35:33	1788172533	1060075	2828	1024
12:35:50	1788172550	1064211	2842	578
12:35:56	1788172556	1068150	2854	1024
12:36:01	1788172561	1068150	2860	446
12:36:09	1788172569	1067704	2866	578
12:36:14	1788172574	1067704	2873	578
12:36:19	1788172579	1067126	2871	1024
12:36:25	1788172585	1067126	2877	1024
12:36:31	1788172591	1066680	2883	1602
12:36:36	1788172596	1066102	2887	446
12:36:42	1788172602	1066102	2892	446
12:36:48	1788172608	1065656	2898	578
12:36:54	1788172614	1065656	2904	578
12:37:00	1788172620	1065078	2902	1024
12:37:06	1788172626	1065078	2907	1024
12:37:12	1788172632	1064632	2913	1602
12:37:18	1788172638	1064632	2920	578
12:37:24	1788172644	1064054	2921	1024
12:37:30	1788172650	1064054	2926	446
12:37:35	1788172655	1063608	2933	1024
12:37:41	1788172661	1063030	2937	1470
12:37:47	1788172667	1063030	2943	1470
12:37:53	1788172673	1062584	2949	578
12:37:58	1788172678	1062584	2954	578
12:38:07	1788172687	1062006	2961	446
12:38:14	1788172694	1062006	2968	446
12:38:21	1788172701	1061560	2975	1029
12:38:28	1788172708	1061560	2982	1029
12:38:33	1788172713	1060977	2987	441
12:38:38	1788172718	1060977	2992	0
12:38:43	1788172723	1060536	2997	583
12:38:48	1788172728	1060536	3002	583
12:38:53	1788172733	1059953	3006	1031
12:38:58	1788172738	1059584	3011	1431
12:39:03	1788172743	1059505	3016	1607
12:39:10	1788172750	1058929	3021	448
12:39:15	1788172755	1058929	3027	448
12:39:20	1788172760	1058481	3032	1007
12:39:24	1788172764	1058481	3037	1007
12:39:30	1788172770	1057972	3039	1455
12:39:36	1788172776	1057972	3044	1455
12:39:44	1788172784	1057457	3051	1964
12:39:51	1788172791	1057457	3059	1964
12:39:56	1788172797	1056948	3059	2478
12:40:02	1788172802	1056433	3065	1024
12:40:08	1788172808	1056433	3070	1024
12:40:14	1788172814	1055924	3067	1539
12:40:20	1788172820	1055924	3073	1539
12:40:26	1788172826	1055409	3079	2048
12:40:33	1788172833	1055409	3085	509
12:40:38	1788172838	1054900	3092	1024
12:40:44	1788172844	1054900	3097	1024
12:40:50	1788172850	1054394	3103	967
12:40:55	1788172855	1054394	3109	967
12:41:01	1788172861	1053933	3113	1530
12:41:07	1788172867	1053933	3119	1530
12:41:14	1788172874	1053370	3125	461
12:41:20	1788172880	1053370	3132	461
12:41:25	1788172885	1052909	3135	1024
12:41:32	1788172892	1052909	3141	1024
12:41:38	1788172898	1052346	3147	1024
12:41:43	1788172903	1052346	3153	1024
12:41:50	1788172910	1051885	3158	1587
12:41:57	1788172917	1051885	3164	1587
12:42:03	1788172923	1051322	3171	1024
12:42:09	1788172929	1051322	3177	1024
12:42:16	1788172936	1050861	3183	1587
12:42:23	1788172943	1050861	3190	563
12:42:29	1788172949	1050298	3197	1024
12:42:36	1788172956	1050298	3203	1024
12:42:42	1788172962	1049837	3208	1587
12:42:48	1788172968	1049837	3214	563
12:42:56	1788172976	1049274	3220	1029
12:43:01	1788172981	1049274	3228	1029
12:43:08	1788172989	1048808	3232	1587
12:43:13	1788172993	1048265	3238	863
12:43:19	1788172999	1048265	3243	910
12:43:24	1788173004	1048021	3248	1436
12:43:29	1788173009	1047898	3253	666
12:43:34	1788173014	1047434	3258	905
12:43:39	1788173019	1047372	3263	905
12:43:43	1788173023	1046993	3268	1488
12:43:48	1788173028	1046993	3272	467
12:43:52	1788173032	1046480	3277	851
12:43:56	1788173036	1046410	3281	913
12:44:02	1788173042	1046026	3284	505
12:44:06	1788173046	1046026	3290	505
12:44:11	1788173051	1045627	3294	1005
12:44:15	1788173055	1045521	3298	1024
12:44:19	1788173059	1045220	3302	1361
12:44:23	1788173063	1045021	3306	271
12:44:27	1788173067	1044756	3310	575
12:44:32	1788173072	1044354	3315	1006
12:44:36	1788173076	1044311	3319	277
12:44:40	1788173080	1043868	3320	796
12:44:44	1788173085	1043868	3324	796
12:44:49	1788173089	1043330	3328	1282
12:44:53	1788173093	1043330	3332	1282
12:44:57	1788173097	1042905	3333	468
12:45:01	1788173101	1042423	3337	817
12:45:05	1788173105	1042376	3342	963
12:45:09	1788173109	1042147	3344	291
12:45:14	1788173114	1041881	3348	529
12:45:18	1788173118	1041590	3353	758
12:45:22	1788173122	1041352	3357	1024
12:45:26	1788173126	1041188	3358	1315
12:45:30	1788173130	1041003	3362	191
12:45:34	1788173134	1040566	3366	402
12:45:39	1788173139	1040305	3370	905
12:45:43	1788173143	1040231	3373	1024
12:45:46	1788173146	1039722	3377	368
12:45:50	1788173150	1039599	3381	438
12:45:54	1788173154	1039304	3385	716
12:45:58	1788173158	1039286	3389	956
12:46:02	1788173162	1039075	3392	1199
12:46:07	1788173167	1038822	3397	371
12:46:11	1788173171	1038636	3401	439
12:46:15	1788173175	1038265	3405	838
12:46:19	1788173179	1037957	3406	502
12:46:23	1788173183	1037957	3410	684
12:46:28	1788173188	1037273	3414	1024
12:46:32	1788173192	1037273	3419	1024
12:46:36	1788173196	1036933	3423	1708
12:46:41	1788173201	1036933	3427	684
12:46:45	1788173205	1036310	3431	1019
12:46:49	1788173209	1035979	3435	1645
12:46:53	1788173213	1035914	3439	628
12:46:57	1788173217	1035350	3443	959
12:47:02	1788173222	1035288	3447	959
12:47:06	1788173226	1034955	3449	1588
12:47:10	1788173230	1034955	3453	1588
12:47:15	1788173235	1034326	3457	406
12:47:19	1788173239	1034326	3461	406
12:47:24	1788173244	1033920	3465	1024
12:47:28	1788173248	1033302	3470	406
12:47:32	1788173252	1033302	3474	406
12:47:37	1788173257	1032896	3477	1024
12:47:41	1788173261	1032896	3481	1024
12:47:45	1788173265	1032321	3486	1411
12:47:50	1788173270	1032278	3490	406
12:47:54	1788173274	1031891	3491	981
12:47:58	1788173278	1031891	3495	981
12:48:02	1788173282	1031297	3499	431
12:48:07	1788173287	1030883	3488	977
12:48:11	1788173291	1030883	3492	977
12:48:15	1788173295	1030320	3496	1438
12:48:20	1788173300	1030320	3501	1438
12:48:24	1788173304	1029859	3505	563
12:48:28	1788173308	1029358	3507	1021
12:48:32	1788173312	1029296	3511	1024
12:48:36	1788173316	1028838	3515	501
12:48:41	1788173321	1028838	3519	501
12:48:45	1788173325	1028334	3521	1021
12:48:49	1788173329	1028334	3525	1021
12:48:53	1788173333	1027814	3529	1458
12:48:57	1788173337	1027538	3533	427
12:49:01	1788173341	1027452	3537	468
12:49:05	1788173345	1027002	3539	789
12:49:10	1788173350	1026909	3543	161
12:49:14	1788173354	1026588	3548	546
12:49:18	1788173358	1026513	3552	662
12:49:22	1788173362	1026110	3556	962
12:49:26	1788173366	1025842	3560	1340
12:49:30	1788173370	1025743	3564	1492
12:49:34	1788173374	1025322	3568	266
12:49:38	1788173378	1025180	3572	381
12:49:42	1788173382	1024877	3573	845
12:49:47	1788173387	1024875	3577	529
12:49:51	1788173391	1024416	3581	901
12:49:55	1788173395	1024298	3586	909
12:49:59	1788173399	1023898	3581	1344
12:50:03	1788173403	1023559	3585	1578
12:50:07	1788173407	1023438	3589	1779
12:50:11	1788173411	1023184	3593	883
12:50:15	1788173415	1022983	3596	1004
12:50:20	1788173420	1022609	3600	1197
12:50:23	1788173423	1022479	3604	260
12:50:27	1788173427	1022379	3608	546
12:50:31	1788173431	1022169	3611	851
12:50:35	1788173435	1021959	3614	1029
12:50:39	1788173439	1021733	3618	1182
12:50:43	1788173443	1021252	3622	1663
12:50:47	1788173447	1021232	3626	523
12:50:51	1788173451	1020885	3628	946
12:50:55	1788173455	1020751	3632	1004
12:50:59	1788173459	1020350	3636	357
12:51:03	1788173463	1020228	3641	492
12:51:07	1788173467	1019936	3644	904
12:51:12	1788173472	1019794	3648	1082
12:51:16	1788173476	1019382	3652	1374
12:51:20	1788173480	1018961	3654	1846
12:51:25	1788173485	1018912	3658	554
12:51:29	1788173489	1018440	3663	975
12:51:33	1788173493	1018358	3667	1024
12:51:38	1788173498	1017937	3667	521
12:51:42	1788173502	1017416	3673	1024
12:51:46	1788173506	1017416	3677	1024
12:51:50	1788173510	1016939	3680	1508
12:51:54	1788173514	1016913	3684	1545
12:51:58	1788173518	1016429	3688	2022
12:52:03	1788173523	1016429	3692	477
12:52:07	1788173527	1015915	3695	987
12:52:11	1788173531	1015465	3699	1430
12:52:16	1788173536	1015465	3703	443
12:52:20	1788173540	1015009	3708	947
12:52:24	1788173544	1014458	3712	1420
12:52:28	1788173548	1014458	3716	1420
12:52:32	1788173553	1013985	3720	1971
12:52:37	1788173557	1013985	3724	1971
12:52:41	1788173561	1013441	3728	537
12:52:45	1788173565	1013254	3728	982
12:52:49	1788173569	1013028	3732	1017
12:52:52	1788173572	1012676	3736	710
12:52:56	1788173576	1012546	3740	900
12:53:01	1788173581	1012251	3743	1309
12:53:05	1788173585	1012098	3748	1413
12:53:08	1788173588	1011713	3751	1672
12:53:12	1788173592	1011610	3755	1754
12:53:16	1788173596	1011513	3759	340
12:53:21	1788173601	1011232	3763	631
12:53:26	1788173606	1010868	3766	910
12:53:31	1788173611	1010694	3771	424
12:53:36	1788173616	1010426	3776	574
12:53:41	1788173621	1010410	3781	845
12:53:47	1788173627	1010271	3787	963
12:53:52	1788173632	1009844	3791	1303
12:53:59	1788173639	1009726	3797	479
12:54:04	1788173644	1009386	3804	906
12:54:08	1788173648	1008897	3804	1313
12:54:12	1788173652	1008840	3809	416
12:54:16	1788173656	1008413	3813	947
12:54:21	1788173661	1008413	3817	947
12:54:24	1788173664	1007873	3818	1431
12:54:28	1788173668	1007451	3821	1970
12:54:32	1788173672	1007389	3825	540
12:54:36	1788173676	1006850	3825	962
12:54:40	1788173680	1006427	3829	1563
12:54:44	1788173684	1006427	3833	1563
12:54:48	1788173688	1005835	3838	967
12:54:53	1788173693	1005826	3842	1024
12:54:57	1788173697	1005460	3846	1549
12:55:01	1788173701	1004878	3847	1991
12:55:06	1788173706	1004878	3851	1991
12:55:11	1788173711	1004436	3856	2573
12:55:16	1788173716	1004436	3861	582
12:55:21	1788173721	1003854	3864	1024
12:55:26	1788173726	1003854	3869	1024
12:55:30	1788173730	1003412	3874	1024
12:55:35	1788173735	1002887	3878	1390
12:55:39	1788173739	1002887	3882	1457
12:55:43	1788173743	1002464	3887	1991
12:55:48	1788173748	1002464	3891	1991
12:55:52	1788173752	1001863	3892	948
12:55:56	1788173756	1001440	3897	1549
12:56:00	1788173760	1001440	3900	1549
12:56:02	1788173762	1000839	3902	577
12:56:05	1788173765	1000633	3905	916
12:56:08	1788173768	1000633	3908	916
12:56:10	1788173770	1000633	3910	916
12:56:13	1788173773	1000633	3913	916
12:56:16	1788173776	1000633	3916	916
