time	epoch	pending	oldest_seconds	chains
16:48:07	1788187687	0	0	0
16:48:09	1788187689	0	0	0
16:48:12	1788187692	3	0	3
16:48:14	1788187694	3	0	3
16:48:16	1788187696	2	0	2
16:48:19	1788187699	1	0	1
16:48:21	1788187701	2	0	2
16:48:24	1788187704	3	0	3
16:48:26	1788187706	1	0	1
16:48:28	1788187708	5	0	5
16:48:31	1788187711	1	0	1
16:48:33	1788187713	1	0	1
16:48:36	1788187716	1	0	1
16:48:38	1788187718	1	0	1
16:48:40	1788187720	2	0	2
16:48:43	1788187723	767	2	689
16:48:45	1788187725	1506	4	1256
16:48:47	1788187727	2441	7	1835
16:48:50	1788187730	3371	9	2288
16:48:52	1788187732	4306	11	2646
16:48:54	1788187734	5272	14	2944
16:48:57	1788187737	6241	16	3189
16:48:59	1788187739	7158	19	3381
16:49:02	1788187742	8118	21	3542
16:49:04	1788187744	9089	23	3663
16:49:07	1788187747	10065	26	3752
16:49:09	1788187749	11043	28	3814
16:49:12	1788187752	12068	31	3870
16:49:15	1788187755	13261	34	3927
16:49:17	1788187757	14293	37	3958
16:49:20	1788187760	15255	39	3994
16:49:22	1788187762	16235	41	4011
16:49:25	1788187765	17194	44	4028
16:49:27	1788187767	18155	46	4040
16:49:29	1788187769	19114	49	4057
16:49:32	1788187772	20061	51	4067
16:49:34	1788187774	21025	53	4074
16:49:37	1788187777	21967	56	4077
16:49:39	1788187779	22926	58	4083
16:49:41	1788187781	23866	61	4085
16:49:44	1788187784	24806	63	4086
16:49:46	1788187786	25768	65	4090
16:49:48	1788187788	26699	68	4091
16:49:51	1788187791	27624	70	4093
16:49:53	1788187793	28554	72	4093
16:49:55	1788187795	29496	75	4094
16:49:58	1788187798	30430	77	4095
16:50:00	1788187800	31369	79	4095
16:50:02	1788187802	32318	82	4095
16:50:05	1788187805	33268	84	4096
16:50:07	1788187807	34241	86	4096
16:50:10	1788187810	35161	89	4096
16:50:12	1788187812	36113	91	4096
16:50:14	1788187814	37064	94	4096
16:50:17	1788187817	38009	96	4096
16:50:19	1788187819	38963	98	4096
16:50:22	1788187822	39938	101	4096
16:50:24	1788187824	40925	103	4096
16:50:27	1788187827	41896	106	4096
16:50:29	1788187829	42852	108	4096
16:50:31	1788187831	43813	110	4096
16:50:34	1788187834	44773	113	4096
16:50:36	1788187836	45746	115	4096
16:50:39	1788187839	46701	118	4096
16:50:41	1788187841	47687	120	4096
16:50:43	1788187843	48644	123	4096
16:50:46	1788187846	49607	125	4096
16:50:48	1788187848	50568	127	4096
16:50:51	1788187851	51539	130	4096
16:50:53	1788187853	52519	132	4096
16:50:56	1788187856	53492	135	4096
16:50:58	1788187858	54468	137	4096
16:51:00	1788187860	55434	140	4096
16:51:03	1788187863	56403	142	4096
16:51:05	1788187865	57390	144	4096
16:51:08	1788187868	58363	147	4096
16:51:10	1788187870	59339	149	4096
16:51:13	1788187873	60316	152	4096
16:51:15	1788187875	61303	154	4096
16:51:18	1788187878	62286	157	4096
16:51:20	1788187880	63276	159	4096
16:51:23	1788187883	64254	162	4096
16:51:25	1788187885	65239	164	4096
16:51:27	1788187887	66209	166	4096
16:51:30	1788187890	67206	169	4096
16:51:32	1788187892	68176	171	4096
16:51:35	1788187895	69207	174	4096
16:51:37	1788187897	70180	176	4096
16:51:40	1788187900	71174	179	4096
16:51:42	1788187902	72174	181	4096
16:51:45	1788187905	73184	184	4096
16:51:48	1788187908	74205	187	4096
16:51:50	1788187910	75254	189	4096
16:51:53	1788187913	76266	192	4096
16:51:55	1788187915	77271	194	4096
16:51:58	1788187918	78277	197	4096
16:52:00	1788187920	79283	199	4096
16:52:03	1788187923	80292	202	4096
16:52:05	1788187925	81324	204	4096
16:52:08	1788187928	82416	207	4096
16:52:11	1788187931	83536	210	4096
16:52:14	1788187934	84575	213	4096
16:52:16	1788187936	85609	215	4096
16:52:19	1788187939	86659	218	4096
16:52:22	1788187942	87799	221	4096
16:52:24	1788187944	88824	223	4096
16:52:27	1788187947	89896	226	4096
16:52:30	1788187950	90892	229	4096
16:52:32	1788187952	91967	231	4096
16:52:35	1788187955	93030	234	4096
16:52:38	1788187958	94091	237	4096
16:52:40	1788187960	95150	239	4096
16:52:43	1788187963	96229	242	4096
16:52:46	1788187966	97276	245	4096
16:52:48	1788187968	98296	247	4096
16:52:51	1788187971	99337	250	4096
16:52:53	1788187973	100377	252	4096
16:52:56	1788187976	101396	255	4096
16:52:59	1788187979	102471	258	4096
16:53:01	1788187981	103517	260	4096
16:53:04	1788187984	104545	263	4096
16:53:07	1788187987	105581	265	4096
16:53:09	1788187989	106630	268	4096
16:53:12	1788187992	107654	271	4096
16:53:14	1788187994	108672	273	4096
16:53:17	1788187997	109691	276	4096
16:53:19	1788187999	110722	278	4096
16:53:22	1788188002	111743	281	4096
16:53:24	1788188004	112775	283	4096
16:53:27	1788188007	113812	286	4096
16:53:30	1788188010	114874	289	4096
16:53:32	1788188012	115919	291	4096
16:53:35	1788188015	116975	294	4096
16:53:38	1788188018	118025	297	4096
16:53:40	1788188020	119067	299	4096
16:53:43	1788188023	120145	302	4096
16:53:46	1788188026	121218	305	4096
16:53:48	1788188028	122301	307	4096
16:53:51	1788188031	123361	310	4096
16:53:54	1788188034	124457	313	4096
16:53:56	1788188036	125515	315	4096
16:53:59	1788188039	126579	318	4096
16:54:02	1788188042	127628	321	4096
16:54:04	1788188044	128690	323	4096
16:54:07	1788188047	129741	326	4096
16:54:10	1788188050	130852	329	4096
16:54:13	1788188053	131928	331	4096
16:54:15	1788188055	133057	334	4096
16:54:18	1788188058	134115	337	4096
16:54:21	1788188061	135183	340	4096
16:54:23	1788188063	136269	342	4096
16:54:26	1788188066	137335	345	4096
16:54:29	1788188069	138426	348	4096
16:54:32	1788188072	139527	350	4096
16:54:34	1788188074	140600	353	4096
16:54:37	1788188077	141739	356	4096
16:54:40	1788188080	142826	359	4096
16:54:43	1788188083	143917	361	4096
16:54:45	1788188085	145055	364	4096
16:54:48	1788188088	146136	367	4096
16:54:51	1788188091	147232	370	4096
16:54:54	1788188094	148318	372	4096
16:54:56	1788188096	149435	375	4096
16:54:59	1788188099	150534	378	4096
16:55:02	1788188102	151623	381	4096
16:55:05	1788188105	152693	383	4096
16:55:07	1788188107	153766	386	4096
16:55:10	1788188110	154860	389	4096
16:55:13	1788188113	155938	391	4096
16:55:15	1788188115	157043	394	4096
16:55:18	1788188118	158122	397	4096
16:55:21	1788188121	159180	400	4096
16:55:24	1788188124	160265	402	4096
16:55:26	1788188126	161362	405	4096
16:55:29	1788188129	162452	408	4096
16:55:32	1788188132	163566	411	4096
16:55:35	1788188135	164686	414	4096
16:55:38	1788188138	165793	416	4096
16:55:40	1788188140	166940	419	4096
16:55:43	1788188143	168092	422	4096
16:55:46	1788188146	169206	425	4096
16:55:49	1788188149	170309	428	4096
16:55:52	1788188152	171548	431	4096
16:55:55	1788188155	172671	433	4096
16:55:58	1788188158	173789	436	4096
16:56:01	1788188161	175019	439	4096
16:56:04	1788188164	176161	442	4096
16:56:06	1788188166	177320	445	4096
16:56:09	1788188169	178458	448	4096
16:56:12	1788188172	179577	451	4096
16:56:15	1788188175	180776	454	4096
16:56:18	1788188178	181905	457	4096
16:56:21	1788188181	183059	460	4096
16:56:24	1788188184	184196	462	4096
16:56:27	1788188187	185338	465	4096
16:56:30	1788188190	186557	468	4096
16:56:33	1788188193	187751	471	4096
16:56:35	1788188195	188887	474	4096
16:56:38	1788188198	190036	477	4096
16:56:41	1788188201	191204	480	4096
16:56:44	1788188204	192347	483	4096
16:56:47	1788188207	193537	486	4096
16:56:50	1788188210	194675	489	4096
16:56:53	1788188213	195832	492	4096
16:56:56	1788188216	196991	494	4096
16:56:59	1788188219	198173	497	4096
16:57:02	1788188222	199323	500	4096
16:57:05	1788188225	200528	503	4096
16:57:08	1788188228	201661	506	4096
16:57:11	1788188231	202946	509	4096
16:57:14	1788188234	204075	512	4096
16:57:16	1788188236	205227	515	4096
16:57:19	1788188239	206382	518	4096
16:57:22	1788188242	207526	521	4096
16:57:25	1788188245	208679	524	4096
16:57:28	1788188248	209820	527	4096
16:57:31	1788188251	210989	529	4096
16:57:34	1788188254	212143	532	4096
16:57:37	1788188257	213315	535	4096
16:57:40	1788188260	214491	538	4096
16:57:43	1788188263	215667	541	4096
16:57:46	1788188266	216857	544	4096
16:57:49	1788188269	218028	547	4096
16:57:51	1788188271	219217	550	4096
16:57:54	1788188274	220380	553	4096
16:57:57	1788188277	221557	556	4096
16:58:00	1788188280	222748	559	4096
16:58:03	1788188283	223941	562	4096
16:58:06	1788188286	225105	565	4096
16:58:09	1788188289	226277	568	4096
16:58:13	1788188293	227493	571	4096
16:58:15	1788188295	228810	574	4096
16:58:18	1788188298	229969	577	4096
16:58:21	1788188301	231150	580	4096
16:58:24	1788188304	232331	583	4096
16:58:27	1788188307	233541	586	4096
16:58:30	1788188310	234767	589	4096
16:58:34	1788188314	235957	592	4096
16:58:37	1788188317	237248	595	4097
16:58:40	1788188320	238438	598	4097
16:58:43	1788188323	239616	601	4097
16:58:46	1788188326	240846	604	4098
16:58:49	1788188329	242038	607	4099
16:58:52	1788188332	243290	610	4099
16:58:55	1788188335	244512	613	4100
16:58:58	1788188338	245719	616	4100
16:59:01	1788188341	246956	619	4100
16:59:04	1788188344	248157	622	4101
16:59:07	1788188347	249365	625	4101
16:59:10	1788188350	250568	628	4103
16:59:13	1788188353	251786	632	4103
16:59:16	1788188356	253041	635	4103
16:59:20	1788188360	254268	638	4104
16:59:23	1788188363	255620	641	4107
16:59:26	1788188366	256897	644	4107
16:59:29	1788188369	258149	647	4111
16:59:33	1788188373	259551	651	4111
16:59:36	1788188376	260901	654	4112
16:59:39	1788188379	262126	657	4113
16:59:42	1788188382	263474	661	4115
16:59:45	1788188385	264705	664	4117
16:59:48	1788188388	265940	667	4122
16:59:52	1788188392	267144	670	4125
16:59:55	1788188395	268390	673	4127
16:59:58	1788188398	269627	676	4130
17:00:01	1788188401	270852	679	4137
17:00:04	1788188404	272186	683	4141
17:00:07	1788188407	273414	686	4145
17:00:10	1788188410	274627	689	4148
17:00:13	1788188413	275871	692	4150
17:00:17	1788188417	277126	695	4156
17:00:20	1788188420	278388	698	4161
17:00:23	1788188423	279613	701	4166
17:00:26	1788188426	280931	704	4169
17:00:29	1788188429	282195	708	4170
17:00:33	1788188433	283476	711	4179
17:00:36	1788188436	284801	714	4186
17:00:40	1788188440	286244	718	4191
17:00:43	1788188443	287609	721	4196
17:00:46	1788188446	288918	724	4205
17:00:49	1788188449	290188	728	4212
17:00:53	1788188453	291462	731	4218
17:00:56	1788188456	292734	734	4224
17:00:59	1788188459	293993	737	4231
17:01:02	1788188462	295276	740	4241
17:01:05	1788188465	296565	744	4252
17:01:08	1788188468	297858	747	4267
17:01:12	1788188472	299107	750	4279
17:01:15	1788188475	300388	753	4292
17:01:18	1788188478	301657	756	4300
17:01:21	1788188481	302938	760	4311
17:01:24	1788188484	304201	763	4321
17:01:28	1788188488	305505	766	4335
17:01:31	1788188491	306823	769	4344
17:01:34	1788188494	308104	772	4352
17:01:37	1788188497	309394	776	4370
17:01:41	1788188501	310692	779	4383
17:01:44	1788188504	312126	783	4403
17:01:48	1788188508	313463	786	4416
17:01:51	1788188511	314845	789	4435
17:01:55	1788188515	316303	793	4465
17:01:58	1788188518	317687	796	4477
17:02:02	1788188522	319027	800	4503
17:02:05	1788188525	320355	803	4516
17:02:09	1788188529	321804	807	4530
17:02:12	1788188532	323128	810	4549
17:02:15	1788188535	324423	813	4568
17:02:19	1788188539	325747	817	4589
17:02:22	1788188542	327247	820	4614
17:02:25	1788188545	328561	824	4635
17:02:29	1788188549	329878	827	4651
17:02:32	1788188552	331254	830	4676
17:02:36	1788188556	332590	834	4697
17:02:39	1788188559	333917	837	4710
17:02:42	1788188562	335247	840	4739
17:02:46	1788188566	336574	844	4764
17:02:49	1788188569	337926	847	4782
17:02:52	1788188572	339316	851	4806
17:02:56	1788188576	340676	854	4831
17:02:59	1788188579	342029	857	4856
17:03:03	1788188583	343391	861	4885
17:03:06	1788188586	344744	864	4908
17:03:09	1788188589	346088	867	4939
17:03:13	1788188593	347456	871	4966
17:03:16	1788188596	348860	874	5004
17:03:20	1788188600	350220	878	5032
17:03:23	1788188603	351608	881	5069
17:03:27	1788188607	352995	885	5096
17:03:30	1788188610	354349	888	5127
17:03:34	1788188614	355719	892	5154
17:03:37	1788188617	357131	895	5187
17:03:40	1788188620	358482	898	5212
17:03:48	1788188628	354725	893	5245
17:03:55	1788188635	336518	854	5317
17:04:02	1788188642	328074	837	5379
17:04:10	1788188650	322528	818	5439
17:04:17	1788188657	318554	808	5509
17:04:25	1788188666	314015	802	5578
17:04:33	1788188673	309417	794	5654
17:04:43	1788188683	305292	788	5721
17:04:50	1788188690	298885	771	5785
17:04:58	1788188698	290775	758	5867
17:05:04	1788188704	284613	740	5933
17:05:12	1788188712	279232	726	6014
17:05:19	1788188719	275192	720	6089
17:05:26	1788188726	271084	712	6143
17:05:33	1788188733	267047	696	6195
17:05:40	1788188740	262878	688	6246
17:05:47	1788188747	257958	679	6312
17:05:54	1788188754	252681	667	6381
17:06:05	1788188765	248776	654	6462
17:06:11	1788188771	245070	645	6550
17:06:17	1788188777	240688	636	6606
17:06:24	1788188784	237121	631	6650
17:06:31	1788188791	232804	619	6708
17:06:38	1788188798	228717	604	6767
17:06:45	1788188805	224667	601	6827
17:06:52	1788188812	220872	591	6904
17:06:59	1788188819	217879	580	6955
17:07:06	1788188826	215156	575	7027
17:07:14	1788188834	211424	567	7084
17:07:21	1788188841	208495	561	7134
17:07:28	1788188848	204665	555	7185
17:07:35	1788188855	202329	550	7235
17:07:42	1788188862	198658	542	7275
17:07:48	1788188868	195461	535	7317
17:07:55	1788188875	192449	523	7353
17:08:03	1788188883	190357	517	7380
17:08:09	1788188889	188408	511	7405
17:08:16	1788188896	184919	506	7430
17:08:23	1788188903	181684	499	7442
17:08:32	1788188912	179011	493	7453
17:08:39	1788188919	177202	488	7457
17:08:46	1788188926	174171	483	7434
17:08:54	1788188934	172123	474	7414
17:09:01	1788188941	169765	467	7372
17:09:09	1788188949	167500	463	7324
17:09:16	1788188956	165190	458	7286
17:09:23	1788188963	162914	457	7226
17:09:30	1788188970	161031	454	7167
17:09:38	1788188978	158623	444	7094
17:09:45	1788188985	157767	444	7048
17:09:51	1788188991	155128	437	6970
17:09:58	1788188998	152607	436	6879
17:10:04	1788189004	149762	427	6773
17:10:12	1788189012	148441	423	6692
17:10:18	1788189018	147698	422	6623
17:10:25	1788189025	145326	413	6527
17:10:32	1788189032	143426	411	6441
17:10:39	1788189039	142065	403	6367
17:10:46	1788189046	140603	400	6272
17:10:53	1788189053	139364	398	6175
17:11:00	1788189060	136847	393	6058
17:11:07	1788189067	134973	390	5962
17:11:14	1788189074	132992	388	5863
17:11:21	1788189081	131415	384	5778
17:11:26	1788189086	129244	379	5674
17:11:32	1788189092	126911	374	5603
17:11:39	1788189099	125245	365	5517
17:11:46	1788189106	123375	361	5412
17:11:54	1788189114	122248	355	5338
17:12:00	1788189120	121600	354	5279
17:12:07	1788189127	119842	349	5184
17:12:13	1788189133	117925	343	5100
17:12:20	1788189140	116094	337	5016
17:12:27	1788189147	114907	334	4952
17:12:33	1788189153	113648	335	4874
17:12:40	1788189160	111760	330	4808
17:12:47	1788189167	110174	329	4740
17:12:54	1788189174	108995	321	4699
17:13:03	1788189183	107581	323	4649
17:13:09	1788189189	107009	322	4601
17:13:16	1788189196	104761	321	4550
17:13:22	1788189202	102108	316	4504
17:13:28	1788189208	100579	312	4455
17:13:34	1788189214	99454	306	4423
17:13:39	1788189219	97507	302	4379
17:13:45	1788189225	95509	302	4354
17:13:51	1788189231	94454	290	4335
17:13:57	1788189237	93716	285	4320
17:14:03	1788189243	92150	282	4296
17:14:09	1788189249	90490	279	4276
17:14:16	1788189256	89386	274	4260
17:14:22	1788189262	88071	269	4250
17:14:28	1788189268	86675	268	4243
17:14:34	1788189274	85090	266	4229
17:14:40	1788189280	83970	260	4218
17:14:47	1788189287	82739	255	4204
17:14:56	1788189296	81621	254	4200
17:15:02	1788189302	81252	252	4200
17:15:08	1788189308	80724	246	4200
17:15:14	1788189314	79805	244	4198
17:15:20	1788189320	79190	241	4196
17:15:28	1788189328	77754	240	4195
17:15:34	1788189334	77190	243	4197
17:15:40	1788189340	76052	242	4199
17:15:46	1788189346	74715	237	4202
17:15:52	1788189352	73654	233	4211
17:15:59	1788189359	73021	228	4216
17:16:06	1788189366	71988	227	4225
17:16:12	1788189372	70811	226	4238
17:16:18	1788189378	69948	222	4244
17:16:24	1788189384	69586	225	4254
17:16:31	1788189391	68197	220	4258
17:16:37	1788189397	67151	216	4261
17:16:43	1788189403	66685	213	4266
17:16:49	1788189409	65406	206	4277
17:16:54	1788189414	64192	210	4288
17:17:01	1788189421	62930	207	4295
17:17:07	1788189427	62259	203	4306
17:17:13	1788189433	61340	199	4305
17:17:18	1788189438	60503	196	4310
17:17:26	1788189446	59837	195	4323
17:17:32	1788189452	59631	196	4343
17:17:38	1788189458	59531	196	4356
17:17:44	1788189464	58766	194	4362
17:17:50	1788189470	58019	189	4369
17:17:56	1788189476	57089	185	4373
17:18:02	1788189482	56930	183	4397
17:18:08	1788189488	56287	181	4404
17:18:14	1788189494	55763	181	4411
17:18:20	1788189500	55342	176	4416
17:18:26	1788189506	54750	176	4425
17:18:32	1788189512	54293	171	4438
17:18:39	1788189519	53846	172	4439
17:18:45	1788189525	54041	176	4448
17:18:51	1788189531	53177	172	4453
17:18:57	1788189537	52576	170	4473
17:19:03	1788189543	51712	169	4490
17:19:10	1788189550	51597	169	4499
17:19:16	1788189556	51854	167	4526
17:19:23	1788189563	51923	169	4543
17:19:29	1788189569	51836	170	4558
17:19:35	1788189575	51385	169	4566
17:19:41	1788189581	50827	171	4585
17:19:47	1788189587	50489	168	4596
17:19:54	1788189594	50241	168	4615
17:20:01	1788189601	50170	169	4629
17:20:07	1788189607	50027	165	4651
17:20:13	1788189613	49224	166	4647
17:20:19	1788189619	49215	165	4659
17:20:27	1788189627	49391	165	4687
17:20:34	1788189634	50201	166	4723
17:20:41	1788189641	50071	166	4732
17:20:46	1788189646	49370	170	4739
17:20:51	1788189651	46298	165	4712
17:20:56	1788189656	43184	162	4671
17:21:02	1788189662	40171	161	4635
17:21:07	1788189667	36695	154	4591
17:21:11	1788189671	33036	154	4546
17:21:16	1788189676	29316	146	4487
17:21:21	1788189681	26500	144	4422
17:21:26	1788189686	23196	139	4328
17:21:31	1788189691	20936	138	4208
17:21:36	1788189696	18462	131	4075
17:21:41	1788189701	16331	131	3800
17:21:45	1788189705	14463	130	3588
17:21:50	1788189710	12171	133	3377
17:21:54	1788189714	9839	129	3027
17:21:59	1788189719	7465	126	2521
17:22:03	1788189723	1034	97	653
