21:14:58	1788203698	0	0	0
21:15:00	1788203700	0	0	0
21:15:02	1788203702	0	0	0
21:15:05	1788203705	2	888	0
21:15:08	1788203708	3	1992	0
21:15:10	1788203710	3	2873	0
21:15:14	1788203714	0	3859	0
21:15:17	1788203717	1	4801	0
21:15:20	1788203720	2	5942	0
21:15:22	1788203722	1	6988	0
21:15:25	1788203725	4	7986	0
21:15:28	1788203728	2	9085	0
21:15:31	1788203731	2	10048	0
21:15:33	1788203733	142	10832	0
21:15:35	1788203735	1049	10832	3
21:15:38	1788203738	1826	10832	5
21:15:40	1788203740	2774	10832	7
21:15:42	1788203742	3772	10832	10
21:15:45	1788203745	4704	10832	12
21:15:48	1788203748	5799	10832	15
21:15:50	1788203750	6745	10832	17
21:15:52	1788203752	7719	10832	20
21:15:55	1788203755	8670	10832	22
21:15:57	1788203757	9587	10832	25
21:15:59	1788203759	10476	10832	27
21:16:02	1788203762	11366	10832	29
21:16:04	1788203764	12290	10832	32
21:16:06	1788203766	13231	10832	34
21:16:09	1788203769	14171	10832	36
21:16:11	1788203771	15104	10832	39
21:16:13	1788203773	16001	10832	41
21:16:16	1788203776	16925	10832	43
21:16:18	1788203778	17859	10832	46
21:16:21	1788203781	18766	10832	48
21:16:23	1788203783	19741	10832	50
21:16:25	1788203785	20715	10832	53
21:16:28	1788203788	21661	10832	55
21:16:30	1788203790	22616	10832	58
21:16:33	1788203793	23576	10832	60
21:16:35	1788203795	24531	10832	62
21:16:37	1788203797	25475	10832	65
21:16:40	1788203800	26438	10832	67
21:16:42	1788203802	27317	10832	70
21:16:45	1788203805	28328	10832	72
21:16:47	1788203807	29295	10832	75
21:16:50	1788203810	30251	10832	77
21:16:52	1788203812	31221	10832	79
21:16:54	1788203814	32165	10832	82
21:16:57	1788203817	33099	10832	84
21:16:59	1788203819	34019	10832	86
21:17:01	1788203821	34960	10832	89
21:17:04	1788203824	35911	10832	91
21:17:06	1788203826	36855	10832	94
21:17:08	1788203828	37751	10832	96
21:17:11	1788203831	38665	10832	98
21:17:13	1788203833	39564	10832	100
21:17:15	1788203835	40510	10832	103
21:17:18	1788203838	41423	10832	105
21:17:20	1788203840	42323	10832	107
21:17:22	1788203842	43262	10832	110
21:17:25	1788203845	44178	10832	112
21:17:27	1788203847	45094	10832	114
21:17:29	1788203849	45989	10832	117
21:17:31	1788203851	46912	10832	119
21:17:34	1788203854	47818	10832	121
21:17:36	1788203856	48725	10832	123
21:17:38	1788203858	49624	10832	126
21:17:40	1788203860	50520	10832	128
21:17:43	1788203863	51427	10832	130
21:17:45	1788203865	52319	10832	132
21:17:47	1788203867	53219	10832	135
21:17:49	1788203869	54121	10832	137
21:17:52	1788203872	55041	10832	139
21:17:54	1788203874	55961	10832	141
21:17:56	1788203876	56870	10832	144
21:17:59	1788203879	57798	10832	146
21:18:01	1788203881	58709	10832	148
21:18:03	1788203883	59677	10832	151
21:18:06	1788203886	60607	10832	153
21:18:08	1788203888	61536	10832	155
21:18:10	1788203890	62470	10832	158
21:18:13	1788203893	63443	10832	160
21:18:15	1788203895	64438	10832	163
21:18:18	1788203898	65441	10832	165
21:18:20	1788203900	66404	10832	168
21:18:23	1788203903	67340	10832	170
21:18:25	1788203905	67922	10832	172
21:18:27	1788203907	68856	10832	175
21:18:30	1788203910	69827	10832	177
21:18:32	1788203912	70767	10832	180
21:18:34	1788203914	71699	10832	182
21:18:37	1788203917	72625	10832	184
21:18:39	1788203919	73537	10832	186
21:18:41	1788203921	74458	10832	189
21:18:44	1788203924	75394	10832	191
21:18:46	1788203926	76326	10832	194
21:18:49	1788203929	77253	10832	196
21:18:51	1788203931	78177	10832	198
21:18:53	1788203933	79088	10832	201
21:18:55	1788203935	79994	10832	203
21:18:58	1788203938	80903	10832	205
21:19:00	1788203940	81835	10832	208
21:19:02	1788203942	82753	10832	210
21:19:05	1788203945	83699	10832	212
21:19:07	1788203947	84622	10832	214
21:19:09	1788203949	85416	10832	217
21:19:12	1788203952	86348	10832	219
21:19:14	1788203954	87257	10832	221
21:19:16	1788203956	88173	10832	224
21:19:19	1788203959	89094	10832	226
21:19:21	1788203961	90027	10832	228
21:19:23	1788203963	90915	10832	231
21:19:26	1788203966	91862	10832	233
21:19:28	1788203968	92786	10832	235
21:19:30	1788203970	93701	10832	238
21:19:32	1788203972	94615	10832	240
21:19:35	1788203975	95540	10832	242
21:19:37	1788203977	96429	10832	245
21:19:39	1788203979	97360	10832	247
21:19:42	1788203982	98308	10832	249
21:19:44	1788203984	99234	10832	252
21:19:46	1788203986	100160	10832	254
21:19:49	1788203989	101092	10832	256
21:19:51	1788203991	101997	10832	258
21:19:53	1788203993	102905	10832	261
21:19:56	1788203996	103817	10832	263
21:19:58	1788203998	104686	10832	265
21:20:00	1788204000	105617	10832	268
21:20:02	1788204003	106531	10832	270
21:20:05	1788204005	107443	10832	272
21:20:07	1788204007	108360	10832	275
21:20:09	1788204009	109276	10832	277
21:20:12	1788204012	110203	10832	279
21:20:14	1788204014	111115	10832	281
21:20:16	1788204016	112022	10832	284
21:20:19	1788204019	112940	10832	286
21:20:21	1788204021	113864	10832	288
21:20:23	1788204023	114770	10832	291
21:20:25	1788204025	115687	10832	293
21:20:28	1788204028	116609	10832	295
21:20:30	1788204030	117526	10832	297
21:20:32	1788204032	118453	10832	300
21:20:35	1788204035	119393	10832	302
21:20:37	1788204037	120318	10832	304
21:20:39	1788204039	121259	10832	307
21:20:42	1788204042	122194	10832	309
21:20:44	1788204044	123127	10832	312
21:20:46	1788204046	124059	10832	314
21:20:49	1788204049	124995	10832	316
21:20:51	1788204051	125924	10832	319
21:20:53	1788204053	126856	10832	321
21:20:56	1788204056	127806	10832	323
21:20:58	1788204058	128744	10832	326
21:21:00	1788204060	129674	10832	328
21:21:03	1788204063	130602	10832	330
21:21:05	1788204065	131521	10832	333
21:21:07	1788204067	132451	10832	335
21:21:10	1788204070	133394	10832	337
21:21:12	1788204072	134306	10832	339
21:21:14	1788204074	135232	10832	342
21:21:17	1788204077	136165	10832	344
21:21:19	1788204079	137084	10832	346
21:21:21	1788204081	138012	10832	349
21:21:24	1788204084	138929	10832	351
21:21:26	1788204086	139840	10832	353
21:21:28	1788204088	140722	10832	356
21:21:30	1788204090	141638	10832	358
21:21:33	1788204093	142548	10832	360
21:21:35	1788204095	143478	10832	363
21:21:37	1788204097	144400	10832	365
21:21:40	1788204100	145333	10832	367
21:21:42	1788204102	146204	10832	369
21:21:44	1788204104	147122	10832	372
21:21:47	1788204107	148049	10832	374
21:21:49	1788204109	148995	10832	376
21:21:51	1788204111	149945	10832	379
21:21:54	1788204114	150883	10832	381
21:21:56	1788204116	151814	10832	384
21:21:58	1788204118	152754	10832	386
21:22:01	1788204121	153705	10832	388
21:22:03	1788204123	154629	10832	391
21:22:06	1788204126	155579	10832	393
21:22:08	1788204128	156546	10832	395
21:22:10	1788204130	157497	10832	398
21:22:13	1788204133	158440	10832	400
21:22:15	1788204135	159378	10832	403
21:22:17	1788204137	160330	10832	405
21:22:20	1788204140	161315	10832	407
21:22:23	1788204143	162285	10832	410
21:22:25	1788204145	163249	10832	412
21:22:28	1788204148	164231	10832	415
21:22:30	1788204150	165179	10832	417
21:22:32	1788204152	166104	10832	420
21:22:35	1788204155	167029	10832	422
21:22:37	1788204157	167953	10832	424
21:22:39	1788204159	168872	10832	427
21:22:41	1788204161	169794	10832	429
21:22:44	1788204164	170710	10832	431
21:22:46	1788204166	171601	10832	433
21:22:48	1788204168	172510	10832	436
21:22:51	1788204171	173425	10832	438
21:22:53	1788204173	174341	10832	440
21:22:55	1788204175	175282	10832	443
21:22:57	1788204177	176194	10832	445
21:23:00	1788204180	177115	10832	447
21:23:02	1788204182	178038	10832	450
21:23:04	1788204184	178972	10832	452
21:23:07	1788204187	179868	10832	454
21:23:09	1788204189	180794	10832	457
21:23:12	1788204192	181737	10832	459
21:23:14	1788204194	182660	10832	461
21:23:16	1788204196	183599	10832	464
21:23:19	1788204199	184542	10832	466
21:23:21	1788204201	185488	10832	468
21:23:23	1788204203	186436	10832	471
21:23:26	1788204206	187389	10832	473
21:23:28	1788204208	188325	10832	476
21:23:31	1788204211	189317	10832	478
21:23:33	1788204213	190306	10832	480
21:23:35	1788204215	191256	10832	483
21:23:38	1788204218	192195	10832	485
21:23:40	1788204220	193136	10832	488
21:23:43	1788204223	194088	10832	490
21:23:45	1788204225	195022	10832	492
21:23:47	1788204227	195943	10832	495
21:23:50	1788204230	196892	10832	497
21:23:52	1788204232	197846	10832	499
21:23:54	1788204234	198764	10832	502
21:23:57	1788204237	199680	10832	504
21:23:59	1788204239	200598	10832	506
21:24:01	1788204241	201521	10832	509
21:24:03	1788204243	202446	10832	511
21:24:06	1788204246	203375	10832	513
21:24:08	1788204248	204293	10832	516
21:24:10	1788204250	205216	10832	518
21:24:13	1788204253	206140	10832	520
21:24:15	1788204255	207063	10832	522
21:24:17	1788204257	207987	10832	525
21:24:20	1788204260	208953	10832	527
21:24:22	1788204262	209883	10832	530
21:24:25	1788204265	210816	10832	532
21:24:27	1788204267	211793	10832	534
21:24:29	1788204269	212741	10832	537
21:24:32	1788204272	213690	10832	539
21:24:34	1788204274	214648	10832	541
21:24:36	1788204276	215590	10832	544
21:24:39	1788204279	216552	10832	546
21:24:41	1788204281	217505	10832	549
21:24:44	1788204284	218464	10832	551
21:24:46	1788204286	219416	10832	553
21:24:48	1788204288	220350	10832	556
21:24:51	1788204291	221293	10832	558
21:24:53	1788204293	222235	10832	560
21:24:55	1788204295	223161	10832	563
21:24:58	1788204298	224096	10832	565
21:25:00	1788204300	225020	10832	567
21:25:02	1788204302	225962	10832	570
21:25:05	1788204305	226904	10832	572
21:25:07	1788204307	227835	10832	574
21:25:09	1788204309	228763	10832	577
21:25:12	1788204312	229680	10832	579
21:25:14	1788204314	230626	10832	582
21:25:16	1788204316	231546	10832	584
21:25:19	1788204319	232458	10832	586
21:25:21	1788204321	233380	10832	588
21:25:23	1788204323	234298	10832	591
21:25:26	1788204326	235249	10832	593
21:25:28	1788204328	236177	10832	595
21:25:30	1788204330	237102	10832	598
21:25:33	1788204333	238037	10832	600
21:25:35	1788204335	238994	10832	602
21:25:38	1788204338	239978	10832	605
21:25:40	1788204340	240958	10832	607
21:25:43	1788204343	241955	10832	610
21:25:45	1788204345	242938	10832	612
21:25:48	1788204348	243910	10832	615
21:25:50	1788204350	244925	10832	617
21:25:52	1788204352	245909	10832	620
21:25:55	1788204355	246905	10832	622
21:25:58	1788204358	247887	10832	625
21:26:00	1788204360	248913	10832	627
21:26:02	1788204362	249887	10832	630
21:26:05	1788204365	250872	10832	632
21:26:07	1788204367	251843	10832	635
21:26:10	1788204370	252811	10832	637
21:26:12	1788204372	253758	10832	639
21:26:14	1788204374	254697	10832	642
21:26:17	1788204377	255632	10832	644
21:26:19	1788204379	256562	10832	646
21:26:21	1788204381	257486	10832	649
21:26:24	1788204384	258413	10832	651
21:26:26	1788204386	259358	10832	653
21:26:28	1788204388	260279	10832	656
21:26:31	1788204391	261200	10832	658
21:26:33	1788204393	262131	10832	660
21:26:35	1788204395	263051	10832	663
21:26:38	1788204398	263983	10832	665
21:26:40	1788204400	264915	10832	667
21:26:42	1788204402	265874	10832	670
21:26:45	1788204405	266838	10832	672
21:26:48	1788204408	267817	10832	675
21:26:50	1788204410	268855	10832	677
21:26:53	1788204413	269859	10832	680
21:26:55	1788204415	270826	10832	682
21:26:57	1788204417	271793	10832	685
21:27:00	1788204420	272777	10832	687
21:27:02	1788204422	273731	10832	690
21:27:05	1788204425	274730	10832	692
21:27:07	1788204427	275717	10832	695
21:27:10	1788204430	276743	10832	697
21:27:12	1788204432	277767	10832	700
21:27:15	1788204435	278782	10832	702
21:27:17	1788204437	279779	10832	705
21:27:20	1788204440	280780	10832	707
21:27:22	1788204442	281727	10832	710
21:27:25	1788204445	282699	10832	712
21:27:27	1788204447	283652	10832	714
21:27:29	1788204449	284586	10832	717
21:27:32	1788204452	285525	10832	719
21:27:34	1788204454	286460	10832	721
21:27:36	1788204456	287373	10832	724
21:27:39	1788204459	288308	10832	726
21:27:41	1788204461	289244	10832	728
21:27:43	1788204463	290179	10832	731
21:27:46	1788204466	291127	10832	733
21:27:48	1788204468	292051	10832	736
21:27:50	1788204470	292987	10832	738
21:27:53	1788204473	293914	10832	740
21:27:55	1788204475	294845	10832	742
21:27:57	1788204477	295791	10832	745
21:28:00	1788204480	296738	10832	747
21:28:02	1788204482	297710	10832	750
21:28:05	1788204485	298701	10832	752
21:28:07	1788204487	299656	10832	755
21:28:10	1788204490	300618	10832	757
21:28:12	1788204492	301604	10832	760
21:28:15	1788204495	302627	10832	762
21:28:17	1788204497	303661	10832	765
21:28:20	1788204500	304677	10832	767
21:28:22	1788204502	305675	10832	770
21:28:25	1788204505	306721	10832	772
21:28:28	1788204508	307745	10832	775
21:28:30	1788204510	308795	10832	778
21:28:33	1788204513	309801	10832	780
21:28:35	1788204515	310794	10832	783
21:28:38	1788204518	311805	10832	785
21:28:40	1788204520	312817	10832	788
21:28:43	1788204523	313827	10832	790
21:28:45	1788204525	314802	10832	793
21:28:48	1788204528	315789	10832	795
21:28:50	1788204530	316754	10832	797
21:28:53	1788204533	317740	10832	800
21:28:55	1788204535	318704	10832	802
21:28:57	1788204537	319650	10832	805
21:29:00	1788204540	320629	10832	807
21:29:02	1788204542	321588	10832	810
21:29:05	1788204545	322535	10832	812
21:29:07	1788204547	323509	10832	814
21:29:09	1788204549	324442	10832	817
21:29:12	1788204552	325389	10832	819
21:29:14	1788204554	326340	10832	821
21:29:16	1788204556	327277	10832	824
21:29:19	1788204559	328227	10832	826
21:29:21	1788204561	329168	10832	829
21:29:24	1788204564	330122	10832	831
21:29:26	1788204566	331085	10832	833
21:29:28	1788204568	332058	10832	836
21:29:31	1788204571	333023	10832	838
21:29:33	1788204573	333984	10832	841
21:29:36	1788204576	334982	10832	843
21:29:38	1788204578	335952	10832	846
21:29:41	1788204581	336966	10832	848
21:29:43	1788204583	338015	10832	851
21:29:46	1788204586	339006	10832	853
21:29:49	1788204589	340010	10832	856
21:29:51	1788204591	341046	10832	858
21:29:53	1788204593	342031	10832	861
21:29:56	1788204596	342998	10832	863
21:29:58	1788204598	343958	10832	866
21:30:01	1788204601	344942	10832	868
21:30:03	1788204603	345904	10832	870
21:30:06	1788204606	346862	10832	873
21:30:08	1788204608	347821	10832	875
21:30:10	1788204610	348777	10832	878
21:30:13	1788204613	349730	10832	880
21:30:15	1788204615	350696	10832	882
21:30:17	1788204617	351643	10832	885
21:30:20	1788204620	352596	10832	887
21:30:22	1788204622	353523	10832	890
21:30:25	1788204625	354468	10832	892
21:30:27	1788204627	355414	10832	894
21:30:29	1788204629	356349	10832	897
21:30:32	1788204632	357286	10832	899
21:30:35	1788204635	352746	15407	901
21:30:38	1788204638	338857	30873	905
21:30:41	1788204641	327220	43698	856
21:30:44	1788204645	317859	54044	815
21:30:48	1788204648	311534	61148	796
21:30:51	1788204651	305127	68278	780
21:30:54	1788204654	296563	78196	764
21:30:58	1788204658	289544	85912	743
21:31:02	1788204662	278934	97982	721
21:31:06	1788204666	267125	111252	691
21:31:12	1788204672	259979	119778	676
21:31:16	1788204676	253592	107502	656
21:31:20	1788204680	245759	116282	640
21:31:24	1788204684	237325	126642	614
21:31:28	1788204688	231195	133580	603
21:31:31	1788204691	222525	143398	583
21:31:34	1788204694	210267	157247	558
21:31:38	1788204698	200421	167652	528
21:31:42	1788204702	182280	187439	485
21:31:47	1788204707	167106	204486	440
21:31:52	1788204712	157503	195988	421
21:31:56	1788204716	144310	210786	387
21:32:02	1788204722	130205	226801	351
21:32:09	1788204729	118016	241443	330
21:32:16	1788204736	104229	257549	284
21:32:25	1788204745	93407	271318	259
21:32:31	1788204751	87623	259699	249
21:32:36	1788204756	73686	276126	213
21:32:41	1788204761	60418	291380	180
21:32:46	1788204766	42453	311222	132
21:32:51	1788204771	24657	331120	79
21:32:56	1788204776	9480	347867	40
21:33:00	1788204780	33	360173	0
21:33:11	1788204791	3	342369	0
21:33:15	1788204795	5	344914	0
21:33:21	1788204801	3	346625	0
21:33:24	1788204804	851	347788	2
21:33:28	1788204808	2188	347788	5
21:33:31	1788204811	3658	347788	9
21:33:35	1788204815	5055	347788	13
21:33:41	1788204821	6543	347788	16
21:33:44	1788204824	8569	347788	22
21:33:48	1788204828	9890	347788	26
21:33:51	1788204831	11353	347788	29
21:33:54	1788204834	12670	347788	33
21:33:58	1788204838	13840	347788	36
21:34:01	1788204841	15350	347788	39
21:34:04	1788204844	16517	347788	42
21:34:07	1788204847	17684	347788	45
21:34:10	1788204850	18827	347788	48
21:34:13	1788204853	19976	347788	51
21:34:15	1788204855	21159	347788	54
21:34:18	1788204858	22202	347788	57
21:34:21	1788204861	23276	347788	59
21:34:24	1788204864	24361	347788	62
21:34:26	1788204866	25526	347788	65
21:34:29	1788204869	26634	347788	68
21:34:32	1788204872	27708	347788	70
21:34:35	1788204875	28798	347788	73
21:34:37	1788204877	29891	347788	76
21:34:40	1788204880	30971	347788	78
21:34:43	1788204883	32049	347788	81
21:34:45	1788204885	33124	347788	84
21:34:48	1788204888	34209	347788	87
21:34:51	1788204891	35270	347788	89
21:34:53	1788204893	36327	347788	92
21:34:56	1788204896	37418	347788	95
21:34:59	1788204899	38492	347788	97
21:35:02	1788204902	39548	347788	100
21:35:04	1788204904	40632	347788	103
21:35:07	1788204907	41720	347788	105
21:35:10	1788204910	42811	347788	108
21:35:12	1788204912	43909	347788	111
21:35:15	1788204915	45019	347788	114
21:35:18	1788204918	46105	347788	116
21:35:21	1788204921	47186	347788	119
21:35:23	1788204923	48264	347788	122
21:35:26	1788204926	49315	347788	124
21:35:28	1788204929	50352	347788	127
21:35:31	1788204931	51418	347788	130
21:35:34	1788204934	52495	347788	132
21:35:36	1788204936	53534	347788	135
21:35:39	1788204939	54595	347788	138
21:35:42	1788204942	55658	347788	140
21:35:44	1788204944	56704	347788	143
21:35:47	1788204947	57762	347788	145
21:35:50	1788204950	58817	347788	148
21:35:52	1788204952	59892	347788	151
21:35:55	1788204955	60989	347788	154
21:35:58	1788204958	62075	347788	156
21:36:01	1788204961	63206	347788	159
21:36:05	1788204965	64603	347788	163
21:36:08	1788204968	66064	347788	167
21:36:11	1788204971	67151	347788	169
21:36:14	1788204974	68268	347788	172
21:36:17	1788204977	69535	347788	175
21:36:20	1788204980	70763	347788	178
21:36:23	1788204983	71926	347788	181
21:36:26	1788204986	72980	347788	184
21:36:28	1788204988	74052	347788	187
21:36:31	1788204991	75118	347788	189
21:36:34	1788204994	76180	347788	192
21:36:36	1788204996	77230	347788	195
21:36:39	1788204999	78254	347788	197
21:36:41	1788205001	79307	347788	200
21:36:44	1788205004	80367	347788	203
21:36:47	1788205007	81390	347788	205
21:36:49	1788205009	82450	347788	208
21:36:52	1788205012	83471	347788	210
21:36:54	1788205014	84500	347788	213
21:36:57	1788205017	85536	347788	215
21:37:00	1788205020	86583	347788	218
21:37:02	1788205022	87654	347788	221
21:37:05	1788205025	88711	347788	223
21:37:08	1788205028	89806	347788	226
21:37:11	1788205031	90925	347788	229
21:37:13	1788205033	92012	347788	232
21:37:16	1788205036	93107	347788	234
21:37:19	1788205039	94195	347788	237
21:37:22	1788205042	95301	347788	240
21:37:24	1788205044	96397	347788	243
21:37:27	1788205047	97474	347788	245
21:37:30	1788205050	98580	347788	248
21:37:33	1788205053	99833	347788	252
21:37:36	1788205056	100988	347788	254
21:37:39	1788205059	102074	347788	257
21:37:42	1788205062	103202	347788	260
21:37:44	1788205064	104328	347788	263
21:37:47	1788205067	105453	347788	266
21:37:50	1788205070	106622	347788	269
21:37:53	1788205073	107767	347788	271
21:37:56	1788205076	108878	347788	274
21:37:59	1788205079	109976	347788	277
21:38:01	1788205081	111068	347788	280
21:38:04	1788205084	112131	347788	282
21:38:07	1788205087	113194	347788	285
21:38:09	1788205089	114274	347788	288
21:38:12	1788205092	115325	347788	290
21:38:15	1788205095	116420	347788	293
21:38:17	1788205097	117519	347788	296
21:38:20	1788205100	118565	347788	298
21:38:23	1788205103	119650	347788	301
21:38:25	1788205105	120717	347788	304
21:38:28	1788205108	121792	347788	306
21:38:31	1788205111	122865	347788	309
21:38:33	1788205113	123928	347788	312
21:38:36	1788205116	125026	347788	315
21:38:39	1788205119	126075	347788	317
21:38:41	1788205121	127170	347788	320
21:38:44	1788205124	128237	347788	323
21:38:47	1788205127	129323	347788	325
21:38:50	1788205130	130429	347788	328
21:38:53	1788205133	131529	347788	331
21:38:55	1788205135	132670	347788	334
21:38:58	1788205138	133778	347788	336
21:39:01	1788205141	134828	347788	339
21:39:03	1788205143	135899	347788	342
21:39:06	1788205146	136946	347788	344
21:39:09	1788205149	137992	347788	347
21:39:11	1788205151	139048	347788	350
21:39:14	1788205154	140090	347788	352
21:39:16	1788205156	141152	347788	355
21:39:19	1788205159	142179	347788	357
21:39:22	1788205162	143207	347788	360
21:39:24	1788205164	144236	347788	363
21:39:27	1788205167	145267	347788	365
21:39:29	1788205169	146304	347788	368
21:39:32	1788205172	147343	347788	370
21:39:35	1788205175	148407	347788	373
21:39:37	1788205177	149483	347788	376
21:39:40	1788205180	150571	347788	378
21:39:43	1788205183	151667	347788	381
21:39:46	1788205186	152738	347788	384
21:39:48	1788205188	153870	347788	387
21:39:51	1788205191	154996	347788	390
21:39:54	1788205194	156138	347788	392
21:39:57	1788205197	157255	347788	395
21:40:00	1788205200	158406	347788	398
21:40:03	1788205203	159544	347788	401
21:40:05	1788205205	160700	347788	404
21:40:08	1788205208	161781	347788	407
21:40:11	1788205211	162934	347788	409
21:40:14	1788205214	164016	347788	412
21:40:16	1788205216	165093	347788	415
21:40:19	1788205219	166175	347788	418
21:40:22	1788205222	167247	347788	420
21:40:24	1788205224	168303	347788	423
21:40:27	1788205227	169357	347788	426
21:40:30	1788205230	170411	347788	428
21:40:32	1788205232	171459	347788	431
21:40:35	1788205235	172489	347788	433
21:40:38	1788205238	173541	347788	436
21:40:40	1788205240	174598	347788	439
21:40:43	1788205243	175670	347788	441
21:40:45	1788205245	176708	347788	444
21:40:48	1788205248	177771	347788	447
21:40:51	1788205251	178871	347788	449
21:40:54	1788205254	179901	347788	452
21:40:56	1788205256	180968	347788	455
21:40:59	1788205259	182036	347788	457
21:41:02	1788205262	183117	347788	460
21:41:04	1788205265	184222	347788	463
21:41:07	1788205267	185326	347788	466
21:41:10	1788205270	186448	347788	468
21:41:13	1788205273	187586	347788	471
21:41:16	1788205276	188743	347788	474
21:41:19	1788205279	189877	347788	477
21:41:21	1788205281	191003	347788	480
21:41:24	1788205284	192121	347788	483
21:41:27	1788205287	193221	347788	485
21:41:30	1788205290	194286	347788	488
21:41:32	1788205292	195371	347788	491
21:41:35	1788205295	196449	347788	493
21:41:38	1788205298	197540	347788	496
21:41:40	1788205300	198603	347788	499
21:41:43	1788205303	199673	347788	501
21:41:46	1788205306	200719	347788	504
21:41:48	1788205308	201757	347788	507
21:41:51	1788205311	202808	347788	509
21:41:53	1788205313	203845	347788	512
21:41:56	1788205316	204880	347788	515
21:41:59	1788205319	205911	347788	517
21:42:01	1788205321	206950	347788	520
21:42:04	1788205324	207968	347788	522
21:42:06	1788205326	208988	347788	525
21:42:09	1788205329	210034	347788	527
21:42:12	1788205332	211061	347788	530
21:42:14	1788205334	212124	347788	533
21:42:17	1788205337	213179	347788	535
21:42:20	1788205340	214270	347788	538
21:42:23	1788205343	215357	347788	541
21:42:25	1788205345	216502	347788	544
21:42:28	1788205348	217620	347788	546
21:42:31	1788205351	218711	347788	549
21:42:34	1788205354	219831	347788	552
21:42:36	1788205356	220928	347788	555
21:42:39	1788205359	222010	347788	557
21:42:42	1788205362	223100	347788	560
21:42:45	1788205365	224196	347788	563
21:42:47	1788205367	225275	347788	566
21:42:50	1788205370	226335	347788	568
21:42:53	1788205373	227460	347788	571
21:42:55	1788205375	228543	347788	574
21:42:58	1788205378	229588	347788	576
21:43:01	1788205381	230614	347788	579
21:43:03	1788205383	231652	347788	582
21:43:06	1788205386	232673	347788	584
21:43:08	1788205388	233699	347788	587
21:43:11	1788205391	234725	347788	589
21:43:13	1788205393	235744	347788	592
21:43:16	1788205396	236785	347788	594
21:43:19	1788205399	237821	347788	597
21:43:21	1788205401	238842	347788	600
21:43:24	1788205404	239889	347788	602
21:43:26	1788205406	240938	347788	605
21:43:29	1788205409	242008	347788	608
21:43:32	1788205412	243059	347788	610
21:43:34	1788205414	244130	347788	613
21:43:37	1788205417	245200	347788	616
21:43:40	1788205420	246275	347788	618
21:43:44	1788205424	247818	347788	622
21:43:47	1788205427	249106	347788	625
21:43:50	1788205430	250238	347788	628
21:43:53	1788205433	251360	347788	631
21:43:56	1788205436	252497	347788	634
21:43:58	1788205438	253562	347788	637
21:44:01	1788205441	254645	347788	639
21:44:03	1788205443	255698	347788	642
21:44:06	1788205446	256743	347788	645
21:44:09	1788205449	257767	347788	647
21:44:11	1788205451	258816	347788	650
21:44:14	1788205454	259848	347788	652
21:44:17	1788205457	260919	347788	655
21:44:19	1788205459	262008	347788	658
21:44:22	1788205462	263075	347788	660
21:44:25	1788205465	264138	347788	663
21:44:27	1788205467	265194	347788	666
21:44:30	1788205470	266211	347788	668
21:44:33	1788205473	267295	347788	671
21:44:35	1788205475	268381	347788	674
21:44:38	1788205478	269430	347788	676
21:44:40	1788205480	270521	347788	679
21:44:43	1788205483	271556	347788	682
21:44:46	1788205486	272599	347788	684
21:44:49	1788205489	273685	347788	687
21:44:51	1788205491	274796	347788	690
21:44:54	1788205494	275897	347788	693
21:44:57	1788205497	276973	347788	695
21:45:00	1788205500	278088	347788	698
21:45:02	1788205502	279207	347788	701
21:45:05	1788205505	280284	347788	704
21:45:08	1788205508	281367	347788	706
21:45:11	1788205511	282455	347788	709
21:45:13	1788205513	283509	347788	712
21:45:16	1788205516	284572	347788	714
21:45:19	1788205519	285645	347788	717
21:45:21	1788205521	286708	347788	720
21:45:24	1788205524	287735	347788	722
21:45:26	1788205526	288772	347788	725
21:45:29	1788205529	289775	347788	727
21:45:31	1788205531	290821	347788	730
21:45:34	1788205534	291828	347788	732
21:45:36	1788205536	292845	347788	735
21:45:39	1788205539	293868	347788	737
21:45:41	1788205541	294872	347788	740
21:45:44	1788205544	295881	347788	743
21:45:47	1788205547	296886	347788	745
21:45:49	1788205549	297902	347788	748
21:45:52	1788205552	298916	347788	750
21:45:54	1788205554	299935	347788	753
21:45:57	1788205557	300936	347788	755
21:45:59	1788205559	301989	347788	758
21:46:02	1788205562	303042	347788	760
21:46:05	1788205565	304088	347788	763
21:46:07	1788205567	305177	347788	766
21:46:10	1788205570	306255	347788	769
21:46:13	1788205573	307332	347788	771
21:46:16	1788205576	308451	347788	774
21:46:18	1788205578	309527	347788	777
21:46:23	1788205583	310949	347788	781
21:46:26	1788205586	312234	347788	784
21:46:28	1788205588	313311	347788	787
21:46:31	1788205591	314378	347788	789
21:46:33	1788205593	315404	347788	792
21:46:36	1788205596	316439	347788	795
21:46:39	1788205599	317444	347788	797
21:46:41	1788205601	318471	347788	800
21:46:44	1788205604	319488	347788	802
21:46:46	1788205606	320519	347788	805
21:46:49	1788205609	321543	347788	807
21:46:51	1788205611	322590	347788	810
21:46:54	1788205614	323616	347788	813
21:46:57	1788205617	324617	347788	815
21:46:59	1788205619	325645	347788	818
21:47:02	1788205622	326652	347788	820
21:47:04	1788205624	327685	347788	823
21:47:07	1788205627	328695	347788	825
21:47:09	1788205629	329723	347788	828
21:47:12	1788205632	330758	347788	830
21:47:15	1788205635	331759	347788	833
21:47:17	1788205637	332843	347788	836
21:47:20	1788205640	333934	347788	838
21:47:23	1788205643	335024	347788	841
21:47:26	1788205646	336139	347788	844
21:47:28	1788205648	337252	347788	847
21:47:31	1788205651	338374	347788	850
21:47:34	1788205654	339485	347788	852
21:47:37	1788205657	340590	347788	855
21:47:39	1788205659	341689	347788	858
21:47:42	1788205662	342769	347788	860
21:47:46	1788205666	343872	347788	863
21:47:49	1788205669	345358	347788	867
21:47:52	1788205672	346498	347788	870
21:47:54	1788205674	347556	347788	873
21:47:57	1788205677	348582	347788	875
21:48:00	1788205680	349625	347788	878
21:48:02	1788205682	350654	347788	881
21:48:05	1788205685	351702	347788	883
21:48:07	1788205687	352735	347788	886
21:48:10	1788205690	353758	347788	888
21:48:13	1788205693	354857	347788	891
21:48:15	1788205695	355943	347788	894
21:48:18	1788205698	356959	347788	896
21:48:20	1788205700	357970	347788	899
21:48:23	1788205703	358983	347788	901
21:48:26	1788205706	360013	347788	904
21:48:28	1788205708	361031	347788	907
21:48:31	1788205711	362055	347788	909
21:48:33	1788205713	363113	347788	912
21:48:36	1788205716	364163	347788	914
21:48:39	1788205719	365240	347788	917
21:48:42	1788205722	366331	347788	920
21:48:44	1788205724	367423	347788	923
21:48:47	1788205727	368490	347788	925
21:48:50	1788205730	369591	347788	928
21:48:52	1788205732	370662	347788	931
21:48:55	1788205735	371725	347788	933
21:48:58	1788205738	372799	347788	936
21:49:00	1788205740	373851	347788	939
21:49:03	1788205743	374904	347788	941
21:49:05	1788205745	375912	347788	944
21:49:08	1788205748	376959	347788	947
21:49:11	1788205751	377977	347788	949
21:49:13	1788205753	379013	347788	952
21:49:16	1788205756	380046	347788	954
21:49:18	1788205758	381058	347788	957
21:49:21	1788205761	382078	347788	959
21:49:23	1788205763	383113	347788	962
21:49:26	1788205766	384131	347788	964
21:49:28	1788205768	385140	347788	967
21:49:31	1788205771	386162	347788	970
21:49:34	1788205774	387174	347788	972
21:49:36	1788205776	388194	347788	975
21:49:39	1788205779	389204	347788	977
21:49:41	1788205781	390228	347788	980
21:49:44	1788205784	391238	347788	982
21:49:46	1788205786	392262	347788	985
21:49:49	1788205789	393283	347788	987
21:49:51	1788205791	394319	347788	990
21:49:54	1788205794	395375	347788	993
21:49:57	1788205797	396468	347788	995
21:50:00	1788205800	397511	347788	998
21:50:02	1788205802	398583	347788	1001
21:50:05	1788205805	399631	347788	1003
21:50:08	1788205808	400721	347788	1006
21:50:11	1788205811	401842	347788	1009
21:50:13	1788205813	402946	347788	1012
21:50:16	1788205816	404014	347788	1014
21:50:18	1788205818	405059	347788	1017
21:50:21	1788205821	406066	347788	1019
21:50:23	1788205823	407103	347788	1022
21:50:26	1788205826	408116	347788	1025
21:50:29	1788205829	409122	347788	1027
21:50:31	1788205831	410156	347788	1030
21:50:51	1788205851	411902	347788	1037
21:50:55	1788205855	415955	347788	1053
21:50:58	1788205858	417245	347788	1056
21:51:01	1788205861	418462	347788	1059
21:51:04	1788205864	419651	347788	1062
21:51:07	1788205867	421011	347788	1065
21:51:11	1788205871	422245	347788	1069
21:51:15	1788205875	423678	347788	1072
21:51:18	1788205878	425132	347788	1076
21:51:21	1788205882	426505	347788	1079
21:51:25	1788205885	427864	347788	1083
21:51:29	1788205889	429360	347788	1087
21:51:33	1788205893	430929	347788	1091
21:51:36	1788205896	432302	347788	1094
21:51:39	1788205899	433507	347788	1097
21:51:42	1788205902	434663	347788	1100
21:51:44	1788205904	435787	347788	1103
21:51:47	1788205907	436882	347788	1105
21:51:50	1788205910	437958	347788	1108
21:51:53	1788205913	439085	347788	1111
21:51:55	1788205915	440206	347788	1114
21:51:58	1788205918	441279	347788	1116
21:52:01	1788205921	442350	347788	1119
21:52:03	1788205923	443401	347788	1122
21:52:06	1788205926	444427	347788	1124
21:52:08	1788205928	445463	347788	1127
21:52:11	1788205931	446500	347788	1130
21:52:14	1788205934	447530	347788	1132
21:52:16	1788205936	448549	347788	1135
21:52:19	1788205939	449579	347788	1137
21:52:22	1788205942	450642	347788	1140
21:52:24	1788205944	451735	347788	1143
21:52:27	1788205947	452871	347788	1146
21:52:30	1788205950	454008	347788	1148
21:52:33	1788205953	455158	347788	1151
21:52:36	1788205956	456288	347788	1154
21:52:38	1788205958	457381	347788	1157
21:52:41	1788205961	458472	347788	1160
21:52:44	1788205964	459583	347788	1162
21:52:47	1788205967	460670	347788	1165
21:52:49	1788205969	461738	347788	1168
21:52:52	1788205972	462816	347788	1170
21:52:55	1788205975	463890	347788	1173
21:52:57	1788205977	464935	347788	1176
21:53:00	1788205980	465962	347788	1178
21:53:02	1788205982	467009	347788	1181
21:53:05	1788205985	468054	347788	1184
21:53:08	1788205988	469087	347788	1186
21:53:10	1788205990	470156	347788	1189
21:53:13	1788205993	471201	347788	1191
21:53:16	1788205996	472372	347788	1194
21:53:19	1788205999	473441	347788	1197
21:53:21	1788206001	474480	347788	1200
21:53:24	1788206004	475529	347788	1202
21:53:27	1788206007	476644	347788	1205
21:53:29	1788206009	477740	347788	1208
21:53:32	1788206012	478801	347788	1210
21:53:35	1788206015	479862	347788	1213
21:53:37	1788206017	480942	347788	1216
21:53:40	1788206020	482035	347788	1219
21:53:43	1788206023	483178	347788	1221
21:53:46	1788206026	484316	347788	1224
21:53:49	1788206029	485429	347788	1227
21:53:51	1788206031	486535	347788	1230
21:53:54	1788206034	487650	347788	1233
21:53:57	1788206037	488754	347788	1235
21:54:00	1788206040	489875	347788	1238
21:54:03	1788206043	490972	347788	1241
21:54:05	1788206045	492058	347788	1244
21:54:08	1788206048	493134	347788	1246
21:54:11	1788206051	494227	347788	1249
21:54:13	1788206053	495287	347788	1252
21:54:16	1788206056	496376	347788	1254
21:54:19	1788206059	497406	347788	1257
21:54:21	1788206061	498442	347788	1260
21:54:24	1788206064	499498	347788	1262
21:54:26	1788206066	500527	347788	1265
21:54:29	1788206069	501552	347788	1267
21:54:32	1788206072	502582	347788	1270
21:54:34	1788206074	503617	347788	1273
21:54:37	1788206077	504646	347788	1275
21:54:39	1788206079	505713	347788	1278
21:54:42	1788206082	506776	347788	1280
21:54:45	1788206085	507836	347788	1283
21:54:47	1788206087	508908	347788	1286
21:54:50	1788206090	509951	347788	1288
21:54:53	1788206093	511042	347788	1291
21:54:56	1788206096	512162	347788	1294
21:54:58	1788206098	513258	347788	1297
21:55:01	1788206101	514328	347788	1299
21:55:04	1788206104	515437	347788	1302
21:55:07	1788206107	516561	347788	1305
21:55:09	1788206109	517689	347788	1308
21:55:12	1788206112	518799	347788	1311
21:55:15	1788206115	519901	347788	1313
21:55:18	1788206118	521036	347788	1316
21:55:21	1788206121	522199	347788	1319
21:55:23	1788206123	523293	347788	1322
21:55:26	1788206126	524337	347788	1325
21:55:29	1788206129	525500	347788	1327
21:55:32	1788206132	526620	347788	1330
21:55:34	1788206134	527669	347788	1333
21:55:37	1788206137	528745	347788	1336
21:55:40	1788206140	529797	347788	1338
21:55:42	1788206143	530891	347788	1341
21:55:45	1788206145	531940	347788	1344
21:55:48	1788206148	533006	347788	1346
21:55:50	1788206151	534072	347788	1349
21:55:53	1788206153	535137	347788	1352
21:55:56	1788206156	536174	347788	1354
21:55:58	1788206158	537234	347788	1357
21:56:01	1788206161	538293	347788	1359
21:56:04	1788206164	539316	347788	1362
21:56:06	1788206166	540360	347788	1365
21:56:09	1788206169	541384	347788	1367
21:56:12	1788206172	542460	347788	1370
21:56:14	1788206174	543567	347788	1373
21:56:17	1788206177	544684	347788	1375
21:56:20	1788206180	545766	347788	1378
21:56:23	1788206183	546886	347788	1381
21:56:25	1788206185	548030	347788	1384
21:56:28	1788206188	549132	347788	1387
21:56:31	1788206191	550238	347788	1389
21:56:34	1788206194	551335	347788	1392
21:56:36	1788206196	552418	347788	1395
21:56:39	1788206199	553522	347788	1398
21:56:42	1788206202	554586	347788	1400
21:56:44	1788206204	555657	347788	1403
21:56:47	1788206207	556699	347788	1406
21:56:50	1788206210	557736	347788	1408
21:56:52	1788206212	558778	347788	1411
21:56:55	1788206215	559846	347788	1413
21:56:58	1788206218	560902	347788	1416
21:57:00	1788206220	561992	347788	1419
21:57:03	1788206223	563048	347788	1421
21:57:06	1788206226	564102	347788	1424
21:57:08	1788206228	565142	347788	1427
21:57:11	1788206231	566171	347788	1429
21:57:13	1788206233	567233	347788	1432
21:57:16	1788206236	568272	347788	1435
21:57:19	1788206239	569300	347788	1437
21:57:21	1788206241	570327	347788	1440
21:57:24	1788206244	571363	347788	1442
21:57:26	1788206246	572420	347788	1445
21:57:29	1788206249	573488	347788	1448
21:57:32	1788206252	574562	347788	1450
21:57:35	1788206255	575634	347788	1453
21:57:37	1788206257	576733	347788	1456
21:57:40	1788206260	577796	347788	1458
21:57:43	1788206263	578948	347788	1461
21:57:46	1788206266	580067	347788	1464
21:57:48	1788206268	581162	347788	1467
21:57:51	1788206271	582252	347788	1469
21:57:54	1788206274	583323	347788	1472
21:57:56	1788206276	584396	347788	1475
21:57:59	1788206279	585437	347788	1477
21:58:02	1788206282	586483	347788	1480
21:58:04	1788206284	587541	347788	1483
21:58:07	1788206287	588598	347788	1485
21:58:10	1788206290	589641	347788	1488
21:58:12	1788206292	590678	347788	1491
21:58:15	1788206295	591744	347788	1493
21:58:17	1788206297	592785	347788	1496
21:58:20	1788206300	593817	347788	1498
21:58:23	1788206303	594872	347788	1501
21:58:25	1788206305	595941	347788	1504
21:58:28	1788206308	596961	347788	1506
21:58:30	1788206310	598022	347788	1509
21:58:33	1788206313	599061	347788	1512
21:58:36	1788206316	600090	347788	1514
21:58:38	1788206318	601119	347788	1517
21:58:41	1788206321	602164	347788	1519
21:58:44	1788206324	603224	347788	1522
21:58:46	1788206326	604301	347788	1525
21:58:49	1788206329	605393	347788	1527
21:58:52	1788206332	606480	347788	1530
21:58:55	1788206335	607591	347788	1533
21:58:57	1788206338	608703	347788	1536
21:59:00	1788206340	609876	347788	1539
21:59:03	1788206343	611038	347788	1542
21:59:06	1788206346	612132	347788	1544
21:59:09	1788206349	613227	347788	1547
21:59:11	1788206351	614336	347788	1550
21:59:14	1788206354	615433	347788	1553
21:59:17	1788206357	616484	347788	1555
21:59:19	1788206359	617487	347788	1558
21:59:22	1788206362	618526	347788	1560
21:59:24	1788206364	619555	347788	1563
21:59:27	1788206367	620593	347788	1566
21:59:30	1788206370	621622	347788	1568
21:59:32	1788206372	622679	347788	1571
21:59:35	1788206375	623707	347788	1573
21:59:38	1788206378	624779	347788	1576
21:59:40	1788206380	625836	347788	1579
21:59:43	1788206383	626860	347788	1581
21:59:46	1788206386	628001	347788	1584
21:59:48	1788206388	629044	347788	1587
21:59:51	1788206391	630093	347788	1589
21:59:54	1788206394	631141	347788	1592
21:59:56	1788206396	632195	347788	1595
21:59:59	1788206399	633269	347788	1597
22:00:02	1788206402	634334	347788	1600
22:00:04	1788206404	635444	347788	1603
22:00:07	1788206407	636542	347788	1606
22:00:10	1788206410	637645	347788	1608
22:00:13	1788206413	638780	347788	1611
22:00:16	1788206416	639967	347788	1614
22:00:19	1788206419	641107	347788	1617
22:00:22	1788206422	642303	347788	1620
22:00:24	1788206424	643463	347788	1623
22:00:27	1788206427	644546	347788	1626
22:00:30	1788206430	645609	347788	1628
22:00:32	1788206432	646690	347788	1631
22:00:35	1788206435	647713	347788	1634
22:00:38	1788206438	648764	347788	1636
22:00:40	1788206440	649830	347788	1639
22:00:43	1788206443	650866	347788	1641
22:00:46	1788206446	651899	347788	1644
22:00:49	1788206449	653017	347788	1647
22:00:51	1788206451	654119	347788	1650
22:00:54	1788206454	655140	347788	1652
22:00:57	1788206457	656255	347788	1655
22:00:59	1788206459	657301	347788	1658
22:01:02	1788206462	658343	347788	1660
22:01:04	1788206464	659391	347788	1663
22:01:07	1788206467	660437	347788	1665
22:01:10	1788206470	661473	347788	1668
22:01:12	1788206472	662518	347788	1671
22:01:15	1788206475	663559	347788	1673
22:01:18	1788206478	664649	347788	1676
22:01:28	1788206488	666220	347788	1681
22:01:34	1788206494	669389	347788	1691
22:01:37	1788206497	671050	347788	1695
22:01:40	1788206500	672370	347788	1698
22:01:44	1788206504	673775	347788	1702
22:01:47	1788206507	674923	347788	1705
22:01:50	1788206510	676139	347788	1708
22:01:53	1788206513	677295	347788	1711
22:01:56	1788206516	678565	347788	1714
22:01:59	1788206519	679764	347788	1717
22:02:02	1788206522	680963	347788	1720
22:02:05	1788206525	682184	347788	1723
22:02:08	1788206528	683346	347788	1726
22:02:11	1788206531	684513	347788	1729
22:02:14	1788206534	685681	347788	1732
22:02:17	1788206537	686876	347788	1735
22:02:19	1788206539	687978	347788	1738
22:02:22	1788206542	689101	347788	1740
22:02:25	1788206545	690199	347788	1743
22:02:28	1788206548	691324	347788	1746
22:02:31	1788206551	692446	347788	1749
22:02:33	1788206553	693606	347788	1752
22:02:36	1788206556	694728	347788	1755
22:02:39	1788206559	695833	347788	1757
22:02:42	1788206562	696970	347788	1760
22:02:45	1788206565	698131	347788	1763
22:02:48	1788206568	699270	347788	1766
22:02:50	1788206570	700413	347788	1769
22:02:53	1788206573	701520	347788	1772
22:02:56	1788206576	702629	347788	1774
22:02:59	1788206579	703709	347788	1777
22:03:01	1788206581	704759	347788	1780
22:03:04	1788206584	705817	347788	1782
22:03:07	1788206587	706847	347788	1785
22:03:09	1788206589	707900	347788	1788
22:03:12	1788206592	708947	347788	1790
22:03:14	1788206594	710018	347788	1793
22:03:17	1788206597	711064	347788	1796
22:03:20	1788206600	712117	347788	1798
22:03:24	1788206604	712440	347788	1801
22:03:28	1788206608	690483	371429	1805
22:03:32	1788206612	671500	391576	1744
22:03:37	1788206617	660544	404506	1683
22:03:43	1788206623	650431	416509	1655
22:03:49	1788206629	637831	431350	1622
22:03:55	1788206635	620568	450654	1583
22:04:03	1788206643	608865	444882	1553
22:04:08	1788206648	599809	457049	1537
22:04:14	1788206654	593864	464675	1517
22:04:21	1788206661	586504	474241	1501
22:04:30	1788206670	577646	485214	1481
22:04:37	1788206677	566796	478652	1451
22:04:43	1788206683	554759	493376	1421
22:04:48	1788206688	542244	507881	1394
22:04:58	1788206698	527469	524948	1357
22:05:05	1788206706	516590	539416	1337
22:05:13	1788206713	508378	530243	1310
22:05:21	1788206721	500516	541208	1289
22:05:31	1788206731	489335	554996	1262
22:05:38	1788206738	474765	573232	1242
22:05:45	1788206745	460954	570129	1192
22:05:50	1788206751	449042	584542	1165
22:05:58	1788206758	435330	600393	1130
22:06:04	1788206764	411840	626978	1078
22:06:10	1788206770	395666	645468	1029
22:06:16	1788206776	385780	637831	1012
22:06:23	1788206783	369032	656672	963
22:06:32	1788206792	349958	678766	904
22:06:42	1788206802	337367	694501	874
22:06:51	1788206811	329469	706646	855
22:06:58	1788206818	320384	698730	834
22:07:04	1788206824	299880	721974	783
22:07:11	1788206831	284187	739723	742
22:07:17	1788206837	272189	754681	716
22:07:23	1788206843	261089	767540	687
22:07:32	1788206852	247735	763368	651
22:07:42	1788206862	230130	784055	614
22:07:50	1788206870	220809	796749	589
22:07:59	1788206879	213443	807395	571
22:08:07	1788206887	202249	801995	542
22:08:15	1788206895	188465	818017	509
22:08:22	1788206902	178925	830239	486
22:08:28	1788206908	167051	845384	459
22:08:37	1788206917	151690	842710	417
22:08:44	1788206924	132473	864722	370
22:08:53	1788206933	116181	884143	330
22:09:00	1788206940	105482	898257	300
22:09:11	1788206951	90343	896235	256
22:09:18	1788206958	70890	919756	201
22:09:32	1788206972	61411	932505	181
22:09:39	1788206979	53764	924249	160
22:09:47	1788206987	33836	946926	101
22:09:56	1788206996	10573	973508	46
22:10:06	1788207006	2604	984477	28
22:10:12	1788207012	49	971647	0
22:10:22	1788207022	20	974111	0
22:10:28	1788207028	25	977657	0
22:10:32	1788207032	0	978297	0
22:10:53	1788207053	0	978297	0
