time	epoch	pending	done_rows
20:56:53	1788209813	0	0
20:56:56	1788209816	6	120
20:57:00	1788209820	2	1187
20:57:04	1788209824	2	2434
20:57:07	1788209827	1	3672
20:57:10	1788209830	2	4909
20:57:14	1788209834	5	6095
20:57:17	1788209837	3	7372
20:57:21	1788209841	0	8679
20:57:24	1788209844	0	9971
20:57:27	1788209847	829	10398
20:57:30	1788209850	2075	10398
20:57:33	1788209853	3324	10398
20:57:36	1788209856	4571	10398
20:57:40	1788209860	5816	10398
20:57:43	1788209863	7063	10398
20:57:46	1788209866	8312	10398
20:57:49	1788209869	9562	10398
20:57:52	1788209872	10809	10398
20:57:55	1788209875	12057	10398
20:57:58	1788209878	13305	10398
20:58:01	1788209881	14554	10398
20:58:05	1788209885	15803	10398
20:58:08	1788209888	17051	10398
20:58:11	1788209891	18302	10398
20:58:14	1788209894	19554	10398
20:58:17	1788209897	20801	10398
20:58:20	1788209900	22051	10398
20:58:23	1788209903	23299	10398
20:58:26	1788209906	24547	10398
20:58:30	1788209910	25798	10398
20:58:33	1788209913	27047	10398
20:58:36	1788209916	28298	10398
20:58:39	1788209919	29547	10398
20:58:42	1788209922	30797	10398
20:58:45	1788209925	32046	10398
20:58:48	1788209928	33301	10398
20:58:51	1788209931	34552	10398
20:58:55	1788209935	35802	10398
20:58:58	1788209938	37055	10398
20:59:01	1788209941	38309	10398
20:59:04	1788209944	39562	10398
20:59:07	1788209947	40818	10398
20:59:10	1788209950	42069	10398
20:59:13	1788209953	43324	10398
20:59:17	1788209957	44575	10398
20:59:20	1788209960	45830	10398
20:59:23	1788209963	47083	10398
20:59:26	1788209966	48336	10398
20:59:29	1788209969	49587	10398
20:59:32	1788209972	50840	10398
20:59:35	1788209975	52093	10398
20:59:38	1788209978	53347	10398
20:59:42	1788209982	54602	10398
20:59:45	1788209985	55858	10398
20:59:48	1788209988	57114	10398
20:59:51	1788209991	58367	10398
20:59:54	1788209994	59625	10398
20:59:57	1788209997	60882	10398
21:00:00	1788210000	62140	10398
21:00:04	1788210004	63401	10398
21:00:07	1788210007	64658	10398
21:00:10	1788210010	65915	10398
21:00:13	1788210013	67173	10398
21:00:16	1788210016	68430	10398
21:00:19	1788210019	69690	10398
21:00:22	1788210022	70951	10398
21:00:26	1788210026	72207	10398
21:00:29	1788210029	73465	10398
21:00:32	1788210032	74724	10398
21:00:35	1788210035	75982	10398
21:00:38	1788210038	77239	10398
21:00:41	1788210041	78500	10398
21:00:45	1788210045	79760	10398
21:00:48	1788210048	81019	10398
21:00:51	1788210051	82280	10398
21:00:54	1788210054	83539	10398
21:00:57	1788210057	84799	10398
21:01:00	1788210060	86061	10398
21:01:03	1788210063	87324	10398
21:01:07	1788210067	88583	10398
21:01:10	1788210070	89845	10398
21:01:13	1788210073	91108	10398
21:01:16	1788210076	92370	10398
21:01:19	1788210079	93637	10398
21:01:22	1788210082	94898	10398
21:01:26	1788210086	96158	10398
21:01:29	1788210089	97420	10398
21:01:32	1788210092	98686	10398
21:01:35	1788210095	99950	10398
21:01:38	1788210098	101215	10398
21:01:41	1788210101	102477	10398
21:01:45	1788210105	103740	10398
21:01:48	1788210108	105001	10398
21:01:51	1788210111	106266	10398
21:01:54	1788210114	107530	10398
21:01:57	1788210117	108795	10398
21:02:00	1788210120	110059	10398
21:02:03	1788210123	111326	10398
21:02:07	1788210127	112591	10398
21:02:10	1788210130	113858	10398
21:02:13	1788210133	115125	10398
21:02:16	1788210136	116397	10398
21:02:19	1788210139	117664	10398
21:02:23	1788210143	118930	10398
21:02:26	1788210146	120205	10398
21:02:29	1788210149	121474	10398
21:02:32	1788210152	122742	10398
21:02:35	1788210155	124008	10398
21:02:38	1788210158	125272	10398
21:02:42	1788210162	126539	10398
21:02:45	1788210165	127805	10398
21:02:48	1788210168	129072	10398
21:02:51	1788210171	130343	10398
21:02:54	1788210174	131613	10398
21:02:57	1788210177	132881	10398
21:03:01	1788210181	134150	10398
21:03:04	1788210184	135419	10398
21:03:07	1788210187	136691	10398
21:03:10	1788210190	137958	10398
21:03:13	1788210193	139228	10398
21:03:16	1788210196	140500	10398
21:03:20	1788210200	141768	10398
21:03:23	1788210203	143041	10398
21:03:26	1788210206	144311	10398
21:03:29	1788210209	145581	10398
21:03:32	1788210212	146851	10398
21:03:36	1788210216	148123	10398
21:03:39	1788210219	149396	10398
21:03:42	1788210222	150668	10398
21:03:45	1788210225	151942	10398
21:03:48	1788210228	153213	10398
21:03:51	1788210231	154485	10398
21:03:55	1788210235	155761	10398
21:03:58	1788210238	157034	10398
21:04:01	1788210241	158308	10398
21:04:04	1788210244	159582	10398
21:04:07	1788210247	160858	10398
21:04:11	1788210251	162132	10398
21:04:14	1788210254	163410	10398
21:04:17	1788210257	164684	10398
21:04:20	1788210260	165959	10398
21:04:23	1788210263	167236	10398
21:04:27	1788210267	168510	10398
21:04:30	1788210270	169785	10398
21:04:33	1788210273	171064	10398
21:04:36	1788210276	172345	10398
21:04:39	1788210279	173622	10398
21:04:43	1788210283	174898	10398
21:04:46	1788210286	176175	10398
21:04:49	1788210289	177454	10398
21:04:52	1788210292	178733	10398
21:04:55	1788210295	180011	10398
21:04:58	1788210298	181287	10398
21:05:02	1788210302	182569	10398
21:05:05	1788210305	183851	10398
21:05:08	1788210308	185130	10398
21:05:11	1788210311	186411	10398
21:05:15	1788210315	187694	10398
21:05:18	1788210318	188977	10398
21:05:21	1788210321	190259	10398
21:05:24	1788210324	191543	10398
21:05:27	1788210327	192824	10398
21:05:31	1788210331	194111	10398
21:05:34	1788210334	195396	10398
21:05:37	1788210337	196695	10398
21:05:40	1788210340	197981	10398
21:05:44	1788210344	199263	10398
21:05:47	1788210347	200546	10398
21:05:50	1788210350	201834	10398
21:05:53	1788210353	203122	10398
21:05:56	1788210356	204409	10398
21:06:00	1788210360	205698	10398
21:06:03	1788210363	206986	10398
21:06:06	1788210366	208273	10398
21:06:09	1788210369	209563	10398
21:06:13	1788210373	210860	10398
21:06:16	1788210376	212156	10398
21:06:19	1788210379	213440	10398
21:06:22	1788210382	214724	10398
21:06:25	1788210385	216011	10398
21:06:29	1788210389	217302	10398
21:06:32	1788210392	218599	10398
21:06:35	1788210395	219899	10398
21:06:38	1788210398	221185	10398
21:06:42	1788210402	222480	10398
21:06:45	1788210405	223769	10398
21:06:48	1788210408	225058	10398
21:06:51	1788210411	226352	10398
21:06:55	1788210415	227642	10398
21:06:58	1788210418	228934	10398
21:07:01	1788210421	230218	10398
21:07:04	1788210424	231508	10398
21:07:07	1788210427	232796	10398
21:07:11	1788210431	234090	10398
21:07:14	1788210434	235379	10398
21:07:17	1788210437	236668	10398
21:07:20	1788210440	237963	10398
21:07:24	1788210444	239257	10398
21:07:29	1788210449	232002	17900
21:07:33	1788210453	216444	34703
21:07:37	1788210457	200693	51565
21:07:41	1788210461	184646	68838
21:07:45	1788210465	165253	89683
21:07:50	1788210470	149330	106458
21:07:54	1788210474	129623	127489
21:07:58	1788210478	114388	144152
21:08:03	1788210483	99054	141612
21:08:07	1788210487	80582	161544
21:08:12	1788210492	62851	180947
21:08:18	1788210498	41534	204377
21:08:23	1788210503	22314	225378
21:08:29	1788210509	2432	247586
21:08:34	1788210514	16	253007
21:08:39	1788210519	14	239200
21:08:44	1788210524	3	241333
21:08:49	1788210529	4	243282
21:08:53	1788210533	51	245072
21:08:56	1788210536	1436	245072
21:08:59	1788210539	2820	245072
21:09:03	1788210543	4207	245072
21:09:06	1788210546	5591	245072
21:09:10	1788210550	6961	245072
21:09:13	1788210553	8348	245072
21:09:17	1788210557	9738	245072
21:09:20	1788210560	11125	245072
21:09:24	1788210564	12506	245072
21:09:27	1788210567	13890	245072
21:09:31	1788210571	15267	245072
21:09:34	1788210574	16645	245072
21:09:37	1788210577	18012	245072
21:09:41	1788210581	19390	245072
21:09:44	1788210584	20768	245072
21:09:48	1788210588	22149	245072
21:09:51	1788210591	23525	245072
21:09:55	1788210595	24904	245072
21:09:58	1788210598	26285	245072
21:10:02	1788210602	27662	245072
21:10:05	1788210605	29045	245072
21:10:09	1788210609	30413	245072
21:10:12	1788210612	31791	245072
21:10:15	1788210615	33176	245072
21:10:19	1788210619	34560	245072
21:10:22	1788210622	35929	245072
21:10:26	1788210626	37300	245072
21:10:29	1788210629	38672	245072
21:10:33	1788210633	40046	245072
21:10:36	1788210636	41405	245072
21:10:39	1788210639	42780	245072
21:10:43	1788210643	44152	245072
21:10:46	1788210646	45524	245072
21:10:50	1788210650	46887	245072
21:10:53	1788210653	48259	245072
21:10:57	1788210657	49625	245072
21:11:00	1788210660	50996	245072
21:11:03	1788210663	52362	245072
21:11:07	1788210667	53723	245072
21:11:10	1788210670	55097	245072
21:11:14	1788210674	56466	245072
21:11:17	1788210677	57830	245072
21:11:21	1788210681	59198	245072
21:11:24	1788210684	60566	245072
21:11:27	1788210687	61932	245072
21:11:31	1788210691	63303	245072
21:11:34	1788210694	64668	245072
21:11:38	1788210698	66042	245072
21:11:41	1788210701	67412	245072
21:11:45	1788210705	68779	245072
21:11:48	1788210708	70180	245072
21:11:51	1788210711	71556	245072
21:11:55	1788210715	72923	245072
21:11:58	1788210718	74296	245072
21:12:02	1788210722	75668	245072
21:12:05	1788210725	77034	245072
21:12:09	1788210729	78407	245072
21:12:12	1788210732	79782	245072
21:12:15	1788210735	81155	245072
21:12:19	1788210739	82526	245072
21:12:22	1788210742	83895	245072
21:12:26	1788210746	85262	245072
21:12:29	1788210749	86634	245072
21:12:33	1788210753	87998	245072
21:12:36	1788210756	89370	245072
21:12:39	1788210759	90742	245072
21:12:43	1788210763	92118	245072
21:12:46	1788210766	93488	245072
21:12:50	1788210770	94859	245072
21:12:53	1788210773	96229	245072
21:12:57	1788210777	97600	245072
21:13:00	1788210780	98969	245072
21:13:03	1788210783	100340	245072
21:13:07	1788210787	101710	245072
21:13:10	1788210790	103083	245072
21:13:14	1788210794	104453	245072
21:13:17	1788210797	105827	245072
21:13:21	1788210801	107203	245072
21:13:24	1788210804	108572	245072
21:13:27	1788210807	109946	245072
21:13:31	1788210811	111309	245072
21:13:34	1788210814	112681	245072
21:13:38	1788210818	114055	245072
21:13:41	1788210821	115425	245072
21:13:45	1788210825	116796	245072
21:13:48	1788210828	118170	245072
21:13:52	1788210832	119543	245072
21:13:55	1788210835	120918	245072
21:13:58	1788210838	122291	245072
21:14:02	1788210842	123661	245072
21:14:05	1788210845	125019	245072
21:14:09	1788210849	126388	245072
21:14:12	1788210852	127771	245072
21:14:16	1788210856	129154	245072
21:14:19	1788210859	130523	245072
21:14:22	1788210862	131894	245072
21:14:26	1788210866	133268	245072
21:14:29	1788210869	134639	245072
21:14:33	1788210873	136000	245072
21:14:36	1788210876	137371	245072
21:14:40	1788210880	138740	245072
21:14:43	1788210883	140112	245072
21:14:46	1788210886	141483	245072
21:14:50	1788210890	142860	245072
21:14:53	1788210893	144232	245072
21:14:57	1788210897	145604	245072
21:15:00	1788210900	146976	245072
21:15:04	1788210904	148342	245072
21:15:07	1788210907	149722	245072
21:15:10	1788210910	151098	245072
21:15:14	1788210914	152470	245072
21:15:17	1788210917	153843	245072
21:15:21	1788210921	155216	245072
21:15:24	1788210924	156585	245072
21:15:28	1788210928	157956	245072
21:15:31	1788210931	159336	245072
21:15:34	1788210934	160698	245072
21:15:38	1788210938	162071	245072
21:15:41	1788210941	163440	245072
21:15:45	1788210945	164807	245072
21:15:48	1788210948	166183	245072
21:15:52	1788210952	167555	245072
21:15:55	1788210955	168925	245072
21:15:59	1788210959	170304	245072
21:16:02	1788210962	171676	245072
21:16:06	1788210966	173050	245072
21:16:09	1788210969	174423	245072
21:16:12	1788210972	175801	245072
21:16:16	1788210976	177189	245072
21:16:19	1788210979	178584	245072
21:16:23	1788210983	179935	245072
21:16:26	1788210986	181316	245072
21:16:30	1788210990	182685	245072
21:16:33	1788210993	184056	245072
21:16:37	1788210997	185426	245072
21:16:40	1788211000	186800	245072
21:16:43	1788211003	188175	245072
21:16:47	1788211007	189546	245072
21:16:50	1788211010	190914	245072
21:16:54	1788211014	192276	245072
21:16:57	1788211017	193648	245072
21:17:01	1788211021	195016	245072
21:17:04	1788211024	196389	245072
21:17:07	1788211027	197760	245072
21:17:11	1788211031	199134	245072
21:17:14	1788211034	200508	245072
21:17:18	1788211038	201882	245072
21:17:21	1788211041	203251	245072
21:17:25	1788211045	204617	245072
21:17:28	1788211048	205993	245072
21:17:31	1788211051	207363	245072
21:17:35	1788211055	208734	245072
21:17:38	1788211058	210110	245072
21:17:42	1788211062	211495	245072
21:17:45	1788211065	212866	245072
21:17:49	1788211069	214233	245072
21:17:52	1788211072	215602	245072
21:17:55	1788211075	216974	245072
21:17:59	1788211079	218351	245072
21:18:02	1788211082	219721	245072
21:18:06	1788211086	221091	245072
21:18:09	1788211089	222468	245072
21:18:13	1788211093	223844	245072
21:18:16	1788211096	225261	245072
21:18:20	1788211100	226630	245072
21:18:23	1788211103	228006	245072
21:18:26	1788211106	229380	245072
21:18:30	1788211110	230756	245072
21:18:33	1788211113	232128	245072
21:18:37	1788211117	233498	245072
21:18:40	1788211120	234879	245072
21:18:44	1788211124	236254	245072
21:18:47	1788211127	237631	245072
21:18:51	1788211131	238997	245072
21:18:54	1788211134	240370	245072
21:18:57	1788211137	241738	245072
21:19:01	1788211141	243111	245072
21:19:04	1788211144	244485	245072
21:19:08	1788211148	245864	245072
21:19:11	1788211151	247237	245072
21:19:15	1788211155	248613	245072
21:19:18	1788211158	249980	245072
21:19:21	1788211161	251352	245072
21:19:25	1788211165	252723	245072
21:19:28	1788211168	254096	245072
21:19:32	1788211172	255466	245072
21:19:35	1788211175	256845	245072
21:19:39	1788211179	258216	245072
21:19:42	1788211182	259584	245072
21:19:45	1788211185	260957	245072
21:19:49	1788211189	262318	245072
21:19:52	1788211192	263683	245072
21:19:56	1788211196	265055	245072
21:19:59	1788211199	266426	245072
21:20:03	1788211203	267797	245072
21:20:06	1788211206	269173	245072
21:20:09	1788211209	270555	245072
21:20:13	1788211213	271914	245072
21:20:17	1788211217	273280	245072
21:20:20	1788211220	274656	245072
21:20:24	1788211224	276030	245072
21:20:27	1788211227	277404	245072
21:20:30	1788211230	278778	245072
21:20:34	1788211234	280162	245072
21:20:37	1788211237	281540	245072
21:20:41	1788211241	282915	245072
21:20:44	1788211244	284263	245072
21:20:48	1788211248	285647	245072
21:20:51	1788211251	287023	245072
21:20:55	1788211255	288402	245072
21:20:58	1788211258	289778	245072
21:21:02	1788211262	291162	245072
21:21:05	1788211265	292541	245072
21:21:08	1788211268	293922	245072
21:21:12	1788211272	295288	245072
21:21:15	1788211275	296665	245072
21:21:19	1788211279	298048	245072
21:21:22	1788211282	299425	245072
21:21:26	1788211286	300803	245072
21:21:29	1788211289	302180	245072
21:21:33	1788211293	303562	245072
21:21:36	1788211296	304939	245072
21:21:39	1788211299	306308	245072
21:21:43	1788211303	307685	245072
21:21:46	1788211306	309061	245072
21:21:50	1788211310	310436	245072
21:21:53	1788211313	311810	245072
21:21:57	1788211317	313189	245072
21:22:00	1788211320	314567	245072
21:22:04	1788211324	315950	245072
21:22:07	1788211327	317307	245072
21:22:10	1788211330	318687	245072
21:22:14	1788211334	320066	245072
21:22:17	1788211337	321443	245072
21:22:21	1788211341	322816	245072
21:22:24	1788211344	324194	245072
21:22:28	1788211348	325577	245072
21:22:31	1788211351	326957	245072
21:22:35	1788211355	328322	245072
21:22:38	1788211358	329700	245072
21:22:41	1788211361	331080	245072
21:22:45	1788211365	332457	245072
21:22:48	1788211368	333831	245072
21:22:52	1788211372	335201	245072
21:22:55	1788211375	336578	245072
21:22:59	1788211379	337957	245072
21:23:02	1788211382	339364	245072
21:23:06	1788211386	340741	245072
21:23:09	1788211389	342121	245072
21:23:13	1788211393	343505	245072
21:23:16	1788211396	344905	245072
21:23:20	1788211400	346282	245072
21:23:23	1788211403	347661	245072
21:23:26	1788211406	349026	245072
21:23:30	1788211410	350408	245072
21:23:33	1788211413	351795	245072
21:23:37	1788211417	353172	245072
21:23:40	1788211420	354559	245072
21:23:44	1788211424	355940	245072
21:23:47	1788211427	357319	245072
21:23:51	1788211431	358690	245072
21:23:54	1788211434	360061	245072
21:23:57	1788211438	361441	245072
21:24:01	1788211441	362824	245072
21:24:04	1788211444	364214	245072
21:24:08	1788211448	365591	245072
21:24:11	1788211451	366969	245072
21:24:15	1788211455	368353	245072
21:24:18	1788211458	369739	245072
21:24:22	1788211462	371176	245072
21:24:25	1788211465	372557	245072
21:24:29	1788211469	373933	245072
21:24:32	1788211472	375314	245072
21:24:36	1788211476	376694	245072
21:24:39	1788211479	378075	245072
21:24:43	1788211483	379454	245072
21:24:46	1788211486	380831	245072
21:24:49	1788211489	382222	245072
21:24:53	1788211493	383601	245072
21:24:56	1788211496	384983	245072
21:25:00	1788211500	386365	245072
21:25:03	1788211503	387748	245072
21:25:07	1788211507	389140	245072
21:25:10	1788211510	390513	245072
21:25:14	1788211514	391895	245072
21:25:17	1788211517	393280	245072
21:25:21	1788211521	394664	245072
21:25:24	1788211524	396042	245072
21:25:28	1788211528	397422	245072
21:25:31	1788211531	398794	245072
21:25:34	1788211534	400173	245072
21:25:38	1788211538	401541	245072
21:25:41	1788211541	402920	245072
21:25:45	1788211545	404302	245072
21:25:48	1788211548	405683	245072
21:25:52	1788211552	407063	245072
21:25:55	1788211555	408447	245072
21:25:59	1788211559	409823	245072
21:26:02	1788211562	411205	245072
21:26:06	1788211566	412585	245072
21:26:09	1788211569	413966	245072
21:26:12	1788211572	415352	245072
21:26:16	1788211576	416748	245072
21:26:19	1788211579	418144	245072
21:26:23	1788211583	419538	245072
21:26:26	1788211586	420917	245072
21:26:30	1788211590	422303	245072
21:26:33	1788211593	423692	245072
21:26:37	1788211597	425074	245072
21:26:40	1788211600	426463	245072
21:26:44	1788211604	427851	245072
21:26:47	1788211607	429234	245072
21:26:51	1788211611	430608	245072
21:26:54	1788211614	431989	245072
21:26:58	1788211618	433375	245072
21:27:01	1788211621	434759	245072
21:27:05	1788211625	436146	245072
21:27:08	1788211628	437530	245072
21:27:11	1788211631	438908	245072
21:27:15	1788211635	440288	245072
21:27:18	1788211638	441673	245072
21:27:22	1788211642	443051	245072
21:27:25	1788211645	444434	245072
21:27:29	1788211649	445814	245072
21:27:32	1788211652	447190	245072
21:27:36	1788211656	448564	245072
21:27:39	1788211659	449942	245072
21:27:42	1788211662	451316	245072
21:27:46	1788211666	452697	245072
21:27:49	1788211669	454080	245072
21:27:53	1788211673	455460	245072
21:27:56	1788211676	456842	245072
21:28:00	1788211680	458219	245072
21:28:03	1788211683	459597	245072
21:28:07	1788211687	460974	245072
21:28:10	1788211690	462353	245072
21:28:14	1788211694	463737	245072
21:28:17	1788211697	465114	245072
21:28:20	1788211700	466493	245072
21:28:24	1788211704	467868	245072
21:28:27	1788211707	469247	245072
21:28:31	1788211711	470631	245072
21:28:34	1788211714	472012	245072
21:28:38	1788211718	473394	245072
21:28:41	1788211721	474771	245072
21:28:45	1788211725	476149	245072
21:28:48	1788211728	477517	245072
21:28:51	1788211731	478900	245072
21:28:56	1788211736	473434	250426
21:29:01	1788211741	452791	272468
21:29:06	1788211746	429649	298114
21:29:12	1788211752	408440	320741
21:29:18	1788211758	382904	348227
21:29:23	1788211763	360104	373316
21:29:29	1788211769	340025	375462
21:29:35	1788211775	319825	397590
21:29:40	1788211780	295921	423670
21:29:47	1788211787	273767	448178
21:29:53	1788211793	246877	477523
21:29:59	1788211799	221134	505460
21:30:05	1788211805	195350	513703
21:30:11	1788211811	173295	537769
21:30:17	1788211817	155733	557369
21:30:23	1788211823	137900	576987
21:30:30	1788211830	116724	600740
21:30:37	1788211837	94537	605111
21:30:42	1788211842	72685	628750
21:30:48	1788211848	58997	644133
21:30:56	1788211856	38712	666582
21:31:04	1788211864	19015	689892
21:31:14	1788211874	9	692272
21:31:20	1788211880	7	696111
21:31:28	1788211888	6	698478
21:31:33	1788211893	7	701650
21:31:37	1788211897	0	681997
