timestamp,cpu_usr,cpu_sys,cpu_iowait,cpu_steal,cpu_idle,mem_used_mb,mem_avail_mb,disk_read_kbps,disk_write_kbps,disk_util_pct
10:05:22,22.11,5.03,39.20,0.00,33.17,568,7207,12016.00,4.00,48.10
10:05:25,61.50,4.00,15.50,0.00,19.00,744,7031,6048.00,4.00,29.60
10:05:29,78.28,2.02,8.08,0.00,11.62,883,6893,4140.00,1732.00,23.60
10:05:32,73.74,3.54,11.11,0.00,11.62,981,6795,3348.00,0.00,14.90
10:05:35,73.50,2.00,11.00,0.00,13.00,1032,6743,12068.00,0.00,37.60
10:05:38,74.63,1.00,6.97,0.00,17.41,1106,6670,4544.00,12.00,18.50
10:05:41,95.52,1.49,1.00,0.00,1.99,1139,6636,1224.00,0.00,1.00
10:05:44,78.50,2.00,11.50,0.00,8.00,1163,6612,21260.00,36.50,24.80
10:05:47,79.19,3.05,5.08,0.00,12.69,1270,6505,3052.00,8.00,7.50
10:05:50,82.41,3.02,8.04,0.00,6.53,1370,6405,1832.00,0.00,4.80
10:05:53,86.43,4.02,6.53,0.00,3.02,1422,6354,5776.00,800.00,22.80
10:05:56,18.91,10.45,22.39,0.00,47.26,1545,6231,11648.00,58320.00,32.80
10:06:01,27.04,2.55,33.16,0.00,36.73,1614,6161,9616.00,40.00,39.60
10:06:06,67.66,3.48,7.46,0.00,20.40,1700,6075,4376.00,456.00,19.00
10:06:11,87.00,10.00,0.00,0.00,1.00,2051,5725,11.88,114.85,0.59
10:06:17,68.53,7.61,0.51,0.00,21.32,2071,5704,0.00,232.00,1.40
10:06:22,47.24,7.54,0.50,0.00,42.71,2073,5702,0.00,232.00,1.10
10:06:27,57.65,8.67,0.00,0.00,31.63,2084,5691,0.00,3028.00,1.90
10:06:32,31.28,6.67,0.00,0.00,60.51,2093,5683,0.00,524.00,1.50
10:06:37,32.14,6.63,0.51,0.00,58.67,2092,5683,0.00,420.00,2.00
10:06:42,34.02,8.25,0.00,0.00,56.70,2093,5682,0.00,736.00,1.40
10:06:47,54.36,7.18,0.00,0.00,37.44,2102,5673,0.00,224.00,1.20
10:06:52,22.05,7.18,0.00,0.00,69.74,2104,5672,0.00,216.00,1.20
10:06:57,18.97,7.69,0.51,0.00,71.79,2095,5680,0.00,292.00,1.20
10:07:02,25.91,6.22,0.00,0.00,66.32,2103,5672,0.00,112.00,0.10
10:07:08,45.36,6.70,0.00,0.00,46.91,2108,5667,0.00,116.00,0.50
10:07:13,49.49,10.71,0.51,0.00,37.24,2112,5663,0.00,632.00,0.90
10:07:18,57.22,11.86,0.00,0.00,28.87,2126,5650,0.00,108.00,0.60
10:07:23,27.04,12.24,0.51,0.00,58.16,2129,5646,0.00,112.00,0.60
10:07:28,35.00,12.00,0.50,0.00,49.50,2144,5632,0.00,160.00,0.80
10:07:33,28.72,10.26,0.00,0.00,58.97,2136,5639,0.00,112.00,0.70
10:07:38,25.26,10.82,1.03,0.00,60.82,2136,5640,0.00,104.00,0.60
10:07:43,24.12,11.56,0.50,0.00,61.31,2142,5633,0.00,988.00,0.90
10:07:48,24.23,10.82,0.00,0.00,63.40,2139,5636,0.00,104.00,0.20
10:07:53,24.49,9.69,0.00,0.00,63.78,2163,5612,0.00,96.00,0.30
10:07:59,22.34,10.66,0.00,0.00,64.47,2149,5626,0.00,148.00,0.10
10:08:04,24.75,11.62,0.00,0.00,62.12,2154,5621,0.00,116.00,0.20
10:08:09,25.12,13.30,0.00,0.00,59.61,2160,5615,0.00,104.00,0.10
10:08:14,37.70,20.42,0.00,0.00,38.74,2160,5615,0.00,1068.00,0.90
10:08:19,43.00,18.50,0.00,0.00,35.50,2165,5610,0.00,128.00,0.70
10:08:24,43.63,20.10,0.00,0.00,31.37,2169,5606,0.00,104.00,0.80
10:08:29,38.74,19.37,0.00,0.00,37.70,2209,5567,0.00,104.00,0.80
10:08:34,42.79,19.40,0.50,0.00,33.83,2191,5584,0.00,128.00,0.60
10:08:39,40.39,19.21,0.49,0.00,35.96,2180,5596,0.00,116.00,0.40
10:08:45,39.59,18.27,0.00,0.00,38.58,2186,5589,0.00,1740.00,0.90
10:08:50,37.57,16.40,0.00,0.00,41.80,2186,5590,0.00,116.00,0.30
10:08:55,39.47,18.95,0.00,0.00,38.42,2198,5577,0.00,132.00,0.30
10:09:00,35.82,18.91,0.50,0.00,41.29,2199,5576,0.00,168.00,0.30
10:09:05,42.11,21.58,0.00,0.00,33.16,2207,5569,0.00,132.00,0.20
10:09:10,39.58,17.71,0.00,0.00,39.58,2210,5565,0.00,116.00,0.30
10:09:15,59.70,29.35,0.00,0.00,4.98,2236,5539,0.00,1936.00,0.50
10:09:20,64.32,25.13,0.00,0.00,5.53,2256,5519,0.00,120.00,0.30
10:09:26,65.66,23.74,0.00,0.00,6.06,2283,5492,0.00,120.00,0.10
10:09:31,61.42,27.92,0.00,0.00,5.58,2333,5443,0.00,158.42,0.30
10:09:36,62.12,25.25,0.00,0.00,7.58,2309,5466,0.00,120.00,0.40
10:09:41,72.73,22.73,0.00,0.00,0.00,2421,5354,328.00,2152.00,2.80
10:09:46,64.65,28.28,0.00,0.00,2.53,2383,5392,0.00,196.00,0.20
10:09:52,66.00,27.50,0.00,0.00,0.00,2376,5400,40788.00,63252.00,17.20
10:09:57,61.31,28.14,0.00,0.00,6.03,2361,5414,0.00,240.00,0.30
10:10:02,56.22,30.35,0.00,0.00,7.96,2356,5419,0.00,252.00,0.60
10:10:07,72.50,21.50,0.00,0.00,1.00,2359,5417,0.00,256.00,0.30
10:10:12,65.50,27.50,0.00,0.00,0.00,2357,5419,0.00,244.00,0.40
10:10:17,68.16,25.87,0.00,0.00,0.50,2358,5417,0.00,128.00,0.20
10:10:23,65.50,28.50,0.00,0.00,0.50,2359,5416,0.00,132.00,0.20
10:10:28,65.83,28.64,0.00,0.00,0.50,2359,5416,0.00,120.00,0.40
10:10:33,64.82,29.65,0.00,0.00,0.00,2383,5392,0.00,160.00,0.30
10:10:38,64.18,29.85,0.00,0.00,0.00,2437,5338,0.00,132.00,0.20
10:10:43,59.90,34.16,0.00,0.00,0.00,2413,5363,0.00,144.00,0.20
10:10:49,65.50,28.00,0.00,0.00,0.00,2405,5370,0.00,136.00,0.20
10:10:54,62.31,31.66,0.00,0.00,0.50,2400,5375,0.00,124.00,0.30
10:10:59,61.88,31.68,0.00,0.00,0.50,2397,5378,0.00,140.00,0.20
10:11:04,63.50,30.50,0.00,0.00,0.50,2393,5382,0.00,140.00,0.30
10:11:09,65.33,28.64,0.00,0.00,0.00,2392,5383,0.00,128.00,0.10
10:11:15,70.53,24.15,0.00,0.00,0.00,2392,5383,0.00,114.85,0.20
10:11:20,63.32,30.65,0.00,0.00,0.00,2398,5377,0.00,164.00,0.30
10:11:25,64.50,29.00,0.00,0.00,0.50,2422,5353,0.00,144.00,0.20
10:11:31,69.00,26.50,0.00,0.00,0.00,2429,5346,0.00,140.00,0.20
10:11:36,67.50,28.00,0.00,0.00,0.50,2434,5341,0.00,296.00,0.30
10:11:41,68.00,27.50,0.00,0.00,0.00,2438,5337,0.00,128.00,0.10
10:11:46,63.50,30.50,0.50,0.00,0.00,2435,5340,0.00,168.00,0.20
10:11:51,68.18,26.77,0.51,0.00,0.00,2507,5269,0.00,60.00,0.10
10:11:57,67.16,26.87,0.00,0.00,0.00,2482,5294,0.00,249.50,0.50
10:12:02,60.89,31.68,0.00,0.00,0.99,2483,5292,0.00,256.00,0.50
10:12:07,63.86,29.21,0.00,0.00,0.50,2486,5290,0.00,260.00,0.30
10:12:12,62.31,32.16,0.00,0.00,0.00,2487,5288,0.00,244.00,0.30
10:12:17,64.32,29.15,0.00,0.00,0.50,2487,5288,0.00,3892.00,0.50
10:12:23,64.32,30.15,0.00,0.00,0.00,2493,5282,0.00,128.00,0.30
10:12:28,63.82,30.15,0.00,0.00,0.00,2489,5287,0.00,164.00,0.70
10:12:33,4.55,2.53,0.51,0.00,91.92,2483,5292,200.00,166952.00,29.70
10:12:38,22.11,8.04,1.01,0.00,67.34,2898,4877,0.00,120.00,0.20
10:12:43,16.16,7.07,0.00,0.00,74.75,2901,4874,0.00,124.00,0.30
10:12:48,20.81,7.11,0.51,0.00,70.05,2896,4880,0.00,124.00,0.20
10:12:53,16.33,7.65,0.00,0.00,74.49,2891,4885,0.00,120.00,0.10
10:12:58,14.65,7.58,0.51,0.00,75.76,2897,4878,0.00,16500.00,1.20
10:13:03,16.24,7.61,0.00,0.00,74.62,2900,4875,0.00,39648.00,3.10
10:13:08,23.15,11.82,0.00,0.00,62.07,2902,4873,0.00,13468.00,1.20
10:13:14,27.59,12.81,0.00,0.00,56.65,2897,4878,0.00,124.00,0.30
10:13:19,23.41,12.20,0.00,0.00,61.95,2896,4879,0.00,116.00,0.30
10:13:24,33.33,11.94,0.00,0.00,52.74,2895,4880,0.00,120.00,0.30
10:13:29,27.69,10.26,0.00,0.00,60.00,2909,4867,0.00,128.00,0.10
10:13:34,46.23,18.59,0.00,0.00,30.65,2512,5264,0.00,10232.00,1.00
10:13:39,51.23,19.70,0.00,0.00,25.62,2511,5264,0.00,3408.00,0.60
10:13:44,48.72,21.03,0.00,0.00,26.67,2517,5259,0.00,16508.00,1.10
10:13:49,54.12,18.56,0.00,0.00,23.71,2511,5264,0.00,120.00,0.30
10:13:55,47.15,19.17,0.00,0.00,30.57,2504,5272,0.00,128.00,0.10
10:14:00,49.26,18.72,0.49,0.00,27.59,2506,5269,0.00,244.00,0.10
10:14:05,69.15,25.87,0.00,0.00,0.50,2503,5273,0.00,46348.00,3.30
10:14:10,67.16,25.87,0.00,0.00,1.99,2502,5273,0.00,124.00,0.30
10:14:15,65.15,27.27,0.00,0.00,2.02,2502,5274,0.00,936.00,0.30
10:14:20,68.00,26.50,0.00,0.00,1.00,2498,5277,0.00,16880.00,1.30
10:14:25,71.00,24.00,0.00,0.00,0.00,2502,5274,0.00,148.00,0.40
10:14:30,70.65,24.38,0.00,0.00,0.50,2514,5261,0.00,127996.00,10.50
10:14:35,68.29,26.83,0.00,0.00,0.00,2504,5271,0.00,112.00,0.20
10:14:41,67.50,28.50,0.00,0.00,0.00,2501,5274,0.00,124.00,0.30
10:14:46,67.84,27.14,0.00,0.00,0.00,2498,5278,0.00,188.00,0.20
10:14:51,71.00,24.50,0.00,0.00,0.00,2495,5280,0.00,140.00,0.10
10:14:57,68.00,27.50,0.00,0.00,0.00,2496,5279,47.52,43576.24,4.46
10:15:02,68.34,25.63,0.00,0.00,0.00,2504,5271,0.00,147684.00,13.50
10:15:07,70.59,23.53,0.00,0.00,0.49,2504,5271,0.00,161952.00,23.80
10:15:12,66.67,24.75,0.00,3.03,0.51,2511,5265,0.00,228.00,0.30
10:15:18,68.34,23.12,0.00,3.52,0.50,2503,5273,0.00,144.00,0.30
10:15:23,65.33,25.13,0.00,3.02,1.51,2503,5273,0.00,180.00,0.70
10:15:28,68.37,22.96,0.00,0.00,4.59,2501,5275,0.00,16764.00,1.80
10:15:33,64.97,25.38,0.00,0.00,6.60,2503,5272,0.00,180.00,0.20
10:15:38,66.84,23.98,0.00,0.00,5.10,2503,5272,0.00,144.00,0.10
10:15:42,56.19,27.32,0.00,0.00,12.37,2523,5253,0.00,268.00,0.40
10:15:47,58.08,26.77,0.00,0.00,9.60,2513,5263,0.00,132.00,0.20
10:15:53,53.03,24.75,0.00,0.00,17.17,2509,5266,0.00,152.00,0.20
10:15:58,53.61,24.23,0.00,0.00,17.53,2503,5272,0.00,22932.00,2.00
10:16:03,51.55,24.23,0.00,0.00,20.10,2508,5267,0.00,3940.00,0.30
10:16:08,57.65,24.49,1.53,0.00,12.24,2500,5275,0.00,156.00,0.50
10:16:13,45.50,22.75,0.53,0.00,26.46,2506,5270,0.00,128.00,0.10
10:16:18,47.47,21.21,0.51,0.00,24.75,2510,5265,0.00,132.00,0.30
10:16:24,47.21,23.35,0.00,0.00,24.37,2511,5264,0.00,172.00,0.20
10:16:29,51.53,25.51,0.00,0.00,19.39,2505,5270,0.00,23204.00,2.50
10:16:34,48.76,23.38,0.50,0.00,21.89,2529,5246,0.00,4016.00,0.60
10:16:39,53.06,25.51,2.04,0.00,13.78,2520,5255,0.00,132.00,0.50
10:16:43,54.59,22.45,0.00,0.00,17.35,2516,5259,0.00,744.00,0.80
10:16:48,49.00,23.00,0.50,0.00,23.00,2514,5261,0.00,16532.00,1.60
10:16:53,48.72,22.56,0.00,0.00,24.10,2517,5259,0.00,16624.00,1.10
10:16:59,54.55,24.75,0.00,0.00,16.16,2509,5267,0.00,136.00,0.20
10:17:04,53.61,25.77,0.00,0.00,16.49,2516,5259,0.00,119672.00,21.90
10:17:09,56.57,25.76,0.00,0.00,13.13,2522,5254,0.00,21144.00,2.30
10:17:14,51.26,24.12,0.00,0.00,19.10,2510,5265,0.00,124.00,0.10
10:17:19,55.38,24.62,0.00,0.00,15.38,2518,5257,0.00,132.00,0.50
10:17:24,53.33,22.05,0.00,0.00,20.00,2518,5258,0.00,148.00,0.60
10:17:30,54.59,22.96,0.00,0.00,17.35,2519,5256,0.00,132.00,0.70
10:17:35,68.84,25.13,0.00,0.00,2.51,2572,5204,0.00,111636.00,17.70
10:17:40,72.73,24.24,0.00,0.00,0.51,2527,5248,0.00,16792.00,2.10
10:17:45,76.00,20.00,0.00,0.00,1.00,2526,5250,0.00,800.00,0.80
10:17:50,71.50,24.00,0.00,0.00,0.00,2514,5261,0.00,16528.00,1.80
10:17:55,72.22,22.73,0.00,0.00,0.51,2525,5250,0.00,16716.00,1.80
10:18:01,69.70,25.25,0.00,0.00,1.52,2521,5255,0.00,16564.00,1.30
10:18:06,69.23,25.64,0.00,0.00,1.54,2520,5255,0.00,85196.00,9.60
10:18:11,68.50,26.00,0.00,0.00,1.00,2525,5250,0.00,460.00,0.80
10:18:16,70.35,23.12,0.00,0.00,2.51,2513,5262,0.00,144.00,0.30
10:18:21,70.35,24.62,0.00,0.00,1.01,2523,5252,0.00,120.00,0.20
10:18:26,69.35,25.63,0.00,0.00,0.50,2521,5254,0.00,124.00,0.20
10:18:31,66.83,28.14,0.00,0.00,0.50,2522,5254,0.00,22724.00,3.10
10:18:37,68.00,26.00,0.00,0.00,1.50,2523,5252,0.00,4256.00,2.50
10:18:42,60.71,25.00,0.00,0.00,9.69,2541,5234,0.00,288.00,1.20
10:18:47,59.09,25.25,0.00,0.00,11.11,2534,5241,0.00,260.00,1.00
10:18:52,52.79,25.38,0.00,0.00,17.26,2519,5257,0.00,296.00,1.50
10:18:57,48.72,24.62,0.00,0.00,21.54,2526,5249,0.00,260.00,1.20
10:19:02,55.56,26.77,0.00,0.00,12.12,2526,5250,0.00,22956.00,3.00
10:19:07,59.09,23.74,0.00,0.00,12.63,2530,5245,0.00,4060.00,0.70
10:19:13,52.00,25.50,4.00,0.50,13.00,2527,5248,0.00,132.00,0.70
10:19:18,50.51,23.98,0.51,0.00,19.90,2522,5253,0.00,136.00,0.20
10:19:23,54.08,22.96,0.00,0.00,18.88,2526,5249,0.00,148.00,0.20
10:19:28,53.54,26.26,0.00,0.00,15.66,2525,5250,0.00,124.00,0.20
10:19:33,54.64,25.77,0.00,0.00,15.46,2528,5247,0.00,22992.00,3.10
10:19:38,54.55,24.75,1.01,0.51,15.15,2538,5237,0.00,4096.00,0.40
10:19:43,63.50,27.50,0.00,0.00,6.00,2525,5251,0.00,62576.00,47.30
10:19:49,54.59,27.55,0.00,0.00,13.27,2530,5245,0.00,212.00,1.10
10:19:54,46.00,23.00,0.00,0.00,26.00,2529,5246,0.00,16820.00,2.30
10:19:58,92.96,2.51,0.00,0.00,4.02,1455,6320,0.00,32.00,0.10
10:20:05,75.88,2.51,0.00,0.00,21.61,1712,6063,0.00,32.00,0.10
10:20:10,82.32,7.58,0.00,0.00,9.60,1943,5832,0.00,188.00,1.00
10:20:15,80.81,9.09,0.00,0.00,8.59,2061,5714,0.00,110.89,0.59
10:20:21,51.28,6.67,0.00,0.00,40.51,2079,5696,0.00,108.00,0.60
10:20:26,44.95,8.08,0.00,0.00,45.45,2102,5673,0.00,112.00,0.70
10:20:31,54.31,7.11,0.51,0.00,36.55,2109,5667,0.00,132.00,0.60
10:20:36,38.54,8.33,0.00,0.00,51.56,2109,5666,0.00,112.00,0.60
10:20:41,45.92,8.67,0.51,0.00,42.86,2122,5653,0.00,112.00,0.70
10:20:46,31.77,7.81,0.00,0.00,58.85,2117,5658,0.00,144.00,0.50
10:20:51,29.02,7.77,0.52,0.00,61.14,2123,5652,0.00,196.00,0.60
10:20:56,44.62,13.85,0.00,0.51,39.49,2124,5651,0.00,124.00,0.70
10:21:01,34.20,7.77,0.52,0.00,55.96,2129,5646,0.00,112.00,0.20
10:21:06,40.41,7.77,0.00,0.52,50.26,2120,5655,0.00,136.00,0.30
10:21:12,35.75,8.81,0.00,0.00,53.37,2127,5648,0.00,140.00,0.40
10:21:17,66.16,12.63,0.51,0.00,18.69,2147,5628,0.00,132.00,0.80
10:21:22,63.40,11.34,0.00,0.00,23.71,2160,5616,0.00,172.00,0.90
10:21:27,38.50,14.50,0.00,0.00,44.00,2162,5613,0.00,116.00,0.60
10:21:32,35.50,14.00,0.00,0.00,47.50,2162,5614,0.00,116.00,0.30
10:21:37,44.50,14.00,0.00,0.00,38.00,2164,5611,0.00,132.00,0.20
10:21:42,58.21,15.92,0.00,0.00,23.38,2160,5615,0.00,132.00,0.50
10:21:47,66.50,17.77,0.51,0.00,13.20,2166,5609,0.00,148.00,0.80
10:21:52,68.00,16.50,0.00,0.00,12.50,2171,5604,0.00,144.00,0.50
10:21:58,75.50,18.00,0.00,0.00,4.50,2174,5601,0.00,128.00,0.50
10:22:03,77.27,14.14,0.00,0.00,6.57,2179,5596,0.00,132.00,0.60
10:22:08,78.79,13.64,0.00,0.00,6.06,2180,5595,0.00,16512.00,1.60
10:22:13,83.42,13.07,0.00,0.00,1.01,2185,5590,0.00,116.00,0.60
10:22:18,78.17,19.80,0.00,0.00,0.00,2203,5573,0.00,148.00,0.20
10:22:23,80.90,16.58,0.00,0.00,0.00,2213,5562,0.00,120.00,0.30
10:22:28,48.28,20.20,0.00,0.49,26.60,2215,5561,0.00,144.00,0.30
10:22:33,55.67,21.13,0.52,0.00,19.59,2225,5550,0.00,140.00,0.20
10:22:39,40.82,18.37,0.00,0.00,36.73,2231,5545,0.00,116.00,0.10
10:22:44,39.38,18.13,0.00,0.00,38.34,2222,5553,0.00,128.00,0.00
10:22:49,44.61,20.10,0.49,0.00,30.39,2223,5552,0.00,22944.00,2.00
10:22:54,44.74,17.89,0.00,0.00,33.68,2226,5549,0.00,796.00,0.40
10:22:59,39.09,21.32,0.00,0.00,35.03,2231,5544,0.00,17160.00,1.60
10:23:04,47.74,22.11,0.50,0.00,26.63,2238,5537,0.00,276.00,0.50
10:23:09,46.67,19.49,0.00,0.00,30.77,2237,5538,0.00,16776.00,3.40
10:23:14,66.67,28.28,0.00,0.00,0.51,2248,5527,0.00,228.00,1.30
10:23:20,71.14,23.38,0.00,0.00,0.50,2270,5505,0.00,240.00,0.60
10:23:25,66.16,27.78,0.00,0.00,0.00,2286,5490,0.00,256.00,0.60
10:23:29,65.83,27.14,0.00,0.00,1.51,2309,5466,0.00,1100.00,0.60
10:23:34,73.00,22.00,0.00,0.00,0.00,2378,5397,0.00,16640.00,1.50
10:23:39,58.21,28.86,0.00,0.00,7.46,2343,5433,0.00,526.73,0.50
10:23:44,65.33,27.64,0.00,0.00,2.51,2344,5431,0.00,16896.00,1.60
10:23:49,59.90,26.73,0.00,0.00,6.44,2341,5434,0.00,16656.00,2.10
10:23:55,66.50,26.50,0.00,0.00,1.50,2345,5430,0.00,45508.00,3.50
10:24:00,63.32,28.14,0.00,0.00,4.02,2350,5426,0.00,18136.00,1.40
10:24:05,66.33,26.63,0.00,0.00,2.01,2344,5431,0.00,16764.36,1.88
10:24:10,60.80,30.65,0.00,0.00,3.52,2350,5425,0.00,16512.00,2.00
10:24:16,68.18,27.27,0.00,0.00,0.00,2349,5427,0.00,17036.00,1.50
10:24:21,68.00,27.00,0.00,0.00,0.50,2363,5413,0.00,24260.00,2.50
10:24:26,66.50,28.93,0.00,0.00,0.00,2366,5409,0.00,29416.00,21.90
10:24:30,76.38,19.60,0.00,0.00,0.00,2371,5404,0.00,112.00,0.20
10:24:36,65.50,27.50,0.00,0.00,0.00,2373,5403,0.00,136.00,0.10
10:24:41,67.00,28.00,0.00,0.00,0.00,2370,5405,0.00,184.00,0.30
10:24:46,64.00,30.50,0.00,0.00,0.00,2413,5362,0.00,59615.69,4.31
10:24:51,65.00,30.00,0.00,0.00,0.00,2410,5365,0.00,264.00,0.40
10:24:57,66.17,27.36,0.00,0.00,0.50,2403,5372,0.00,204.00,0.30
10:25:02,61.50,32.00,0.00,0.00,0.00,2405,5371,0.00,116.00,0.10
10:25:07,64.82,29.15,0.00,0.00,0.00,2396,5379,0.00,164.00,0.20
10:25:12,65.00,28.50,0.00,0.00,0.00,2402,5373,0.00,29636.00,2.00
10:25:17,65.67,27.86,0.00,0.00,0.50,2401,5374,0.00,148.00,0.40
10:25:23,65.33,29.15,0.00,0.00,0.00,2401,5374,0.00,148.00,0.10
10:25:28,64.36,29.21,0.00,0.00,0.50,2415,5360,0.00,139824.00,11.10
10:25:33,64.50,28.50,0.00,0.00,0.50,2407,5368,0.00,69856.00,6.30
10:25:38,63.82,30.65,0.00,0.00,0.00,2408,5368,0.00,26204.00,2.20
10:25:44,62.38,31.19,0.00,0.00,0.50,2412,5363,0.00,124764.00,10.70
10:25:49,66.33,28.14,0.00,0.00,0.00,2412,5364,0.00,165984.00,27.20
10:25:54,62.19,31.34,0.00,0.00,0.00,2420,5355,0.00,25132.00,1.60
10:25:59,69.00,25.50,0.00,0.00,0.50,2492,5283,0.00,40396.00,4.90
10:26:04,83.42,13.07,0.00,0.00,0.00,2443,5332,0.00,152044.00,11.30
10:26:10,99.00,1.00,0.00,0.00,0.00,2436,5339,0.00,176.00,0.10
10:26:15,100.00,0.00,0.00,0.00,0.00,2436,5339,0.00,252.00,0.30
10:26:20,100.00,0.00,0.00,0.00,0.00,2425,5350,0.00,620.00,0.30
10:26:25,100.00,0.00,0.00,0.00,0.00,2428,5347,0.00,72416.00,6.70
10:26:30,100.00,0.00,0.00,0.00,0.00,2430,5345,0.00,132.00,0.10
10:26:35,99.00,1.00,0.00,0.00,0.00,2431,5344,0.00,80.00,0.20
10:26:40,99.00,1.00,0.00,0.00,0.00,2432,5343,0.00,108.00,0.10
10:26:45,99.00,1.00,0.00,0.00,0.00,2501,5274,0.00,156.00,0.30
10:26:51,86.00,12.00,0.00,0.00,0.00,2608,5167,0.00,208.00,0.20
10:26:56,26.67,7.18,0.00,0.00,64.62,2966,4809,0.00,136.00,0.30
10:27:01,26.53,7.65,0.00,0.00,64.29,2978,4797,0.00,9020.00,1.10
10:27:06,19.69,7.77,0.00,0.00,71.50,2985,4790,0.00,148.00,0.10
10:27:11,27.41,8.12,0.00,0.00,62.94,2970,4805,0.00,116.00,0.30
10:27:16,20.41,7.65,0.00,0.00,70.92,2967,4808,0.00,160.00,0.20
10:27:21,32.49,11.68,0.00,0.00,53.30,2965,4810,0.00,636.00,0.30
10:27:26,28.57,12.24,0.00,0.00,56.63,2962,4813,0.00,136.00,0.20
10:27:31,43.08,11.79,0.00,0.00,43.08,2962,4813,0.00,6456.00,0.80
10:27:36,39.39,14.14,0.00,0.00,44.44,2964,4812,0.00,156.00,0.30
10:27:41,38.69,12.56,0.00,0.00,46.73,2970,4805,0.00,128.00,0.40
10:27:47,47.72,15.23,0.00,0.00,35.03,2990,4785,0.00,152.00,0.20
10:27:52,55.10,20.41,0.00,0.00,20.92,2971,4804,0.00,1112.00,0.30
10:27:57,59.90,19.29,0.00,0.00,18.27,2971,4804,0.00,176.00,0.30
10:28:02,57.22,21.13,0.00,0.00,18.56,2968,4808,0.00,12304.00,1.20
10:28:07,56.12,20.92,0.00,0.00,18.88,2972,4804,0.00,156.00,0.20
10:28:12,50.79,17.80,0.00,0.00,28.27,2975,4800,0.00,116.00,0.10
10:28:17,58.59,21.72,0.00,0.00,16.16,2981,4795,0.00,188.00,0.20
10:28:22,70.00,25.00,0.00,0.00,0.00,2972,4803,0.00,1800.00,0.40
10:28:28,68.00,27.00,0.00,0.00,0.00,2979,4797,0.00,140.00,0.20
10:28:33,67.16,26.37,0.00,0.00,0.50,2977,4798,0.00,24044.00,2.40
10:28:38,66.67,28.36,0.00,0.00,0.00,2991,4784,0.00,196.00,0.20
10:28:43,66.50,28.50,0.00,0.00,0.50,2983,4792,0.00,112.00,0.30
10:28:48,61.31,29.65,0.00,0.00,4.02,2971,4804,0.00,164.00,0.30
10:28:53,65.00,29.50,0.00,0.00,0.00,2972,4804,0.00,2265.35,0.50
10:28:58,64.82,28.64,0.00,0.00,0.00,2973,4802,0.00,36140.00,2.80
10:29:03,65.35,28.71,0.00,0.00,0.00,2973,4802,0.00,156.00,0.20
10:29:09,64.65,29.80,0.00,0.00,0.00,2974,4801,0.00,136.00,0.10
10:29:14,64.65,28.79,0.00,0.00,0.00,2972,4803,0.00,160.00,0.20
10:29:19,67.34,27.14,0.00,0.00,0.00,2974,4801,0.00,31880.00,4.40
10:29:24,66.67,27.86,0.00,0.00,0.50,2976,4800,0.00,2080.00,0.70
10:29:29,62.81,31.16,0.00,0.00,0.00,2976,4799,0.00,296.00,1.30
10:29:34,62.31,32.66,0.00,0.00,0.00,2979,4796,0.00,292.00,1.40
10:29:40,65.00,29.50,0.00,0.00,0.50,2978,4797,0.00,34128.00,4.20
10:29:45,55.61,27.04,0.00,0.00,13.78,2985,4791,0.00,236.00,0.20
10:29:50,51.04,23.96,1.56,0.00,18.75,2996,4780,0.00,156.00,0.20
10:29:55,54.77,27.14,0.00,0.00,13.07,2991,4784,0.00,2036.00,0.20
10:30:00,53.30,26.40,0.00,0.00,14.72,2989,4786,0.00,124.00,0.30
10:30:05,55.56,25.76,0.00,0.51,13.13,2985,4790,0.00,128.00,0.20
10:30:10,54.04,25.25,0.00,0.00,15.66,2983,4793,0.00,24752.00,1.70
10:30:16,51.78,26.90,0.51,0.00,16.24,2983,4792,0.00,220.00,0.20
10:30:21,54.36,27.18,2.05,0.00,12.31,2982,4793,0.00,164.00,0.80
10:30:26,50.75,24.88,0.50,0.00,19.90,2982,4794,0.00,2384.00,1.00
10:30:31,52.36,23.04,0.00,0.00,19.90,2983,4792,0.00,120.00,0.70
10:30:36,53.09,25.26,0.00,0.00,15.98,2984,4791,0.00,144.00,0.70
10:30:41,50.75,26.13,0.50,0.00,17.59,3000,4775,0.00,24832.00,2.10
10:30:46,68.37,26.02,1.02,0.00,2.04,2987,4788,760.00,156.00,2.70
10:30:52,52.58,26.29,0.52,0.00,17.01,3009,4766,0.00,203472.00,54.70
10:30:57,50.00,28.06,0.00,0.00,17.35,2989,4787,0.00,2148.00,0.40
10:31:02,49.22,24.87,0.00,0.00,22.28,2992,4783,0.00,124.00,0.30
10:31:07,53.54,23.23,0.00,0.00,18.69,2988,4787,0.00,144.00,0.30
10:31:12,49.74,25.39,0.00,0.00,20.21,2993,4783,0.00,99536.00,16.80
10:31:17,50.78,23.32,0.52,0.00,20.73,2988,4787,0.00,15280.00,1.70
10:31:22,50.76,23.86,0.00,0.00,20.30,2985,4790,0.00,124.00,0.20
10:31:28,49.49,24.24,0.00,0.00,21.21,2987,4789,0.00,176.00,0.50
10:31:33,49.74,27.18,0.51,0.00,17.95,2986,4789,0.00,128.00,0.60
10:31:38,50.00,25.25,0.00,0.00,19.70,2993,4783,0.00,120.00,0.70
10:31:43,50.25,26.63,0.50,0.00,18.09,3010,4765,0.00,110432.00,15.20
10:31:48,52.58,24.23,0.00,0.00,18.56,2993,4782,0.00,144.00,0.60
10:31:53,55.44,22.80,0.00,0.00,17.62,2983,4792,0.00,124.00,0.60
10:31:58,56.99,22.80,0.00,0.00,16.06,2983,4792,0.00,156.00,0.40
10:32:04,46.94,24.49,0.00,0.00,22.96,2985,4791,0.00,132.00,0.60
10:32:09,55.15,29.38,0.00,0.00,11.86,2986,4789,0.00,148.00,0.10
10:32:14,47.40,25.00,0.00,0.00,23.96,2983,4792,0.00,388.00,1.40
10:32:19,50.25,25.63,0.00,0.00,19.60,2986,4789,0.00,252.00,1.10
10:32:24,52.00,26.00,0.00,0.00,17.00,2985,4790,0.00,268.00,0.50
10:32:29,50.75,24.62,0.00,0.00,20.10,2989,4787,0.00,248.00,0.50
10:32:34,51.76,27.14,0.00,0.00,16.58,2990,4785,0.00,264.00,0.30
10:32:40,60.51,26.67,0.00,0.00,8.72,3040,4736,0.00,432.00,0.40
10:32:45,59.49,25.64,0.00,0.00,10.26,3000,4775,0.00,268.00,1.40
10:32:50,61.54,23.59,0.00,0.00,10.26,2997,4779,0.00,260.00,0.90
10:32:55,63.64,24.24,0.00,0.00,8.08,2985,4790,0.00,132.00,0.60
10:33:00,51.26,23.12,0.00,0.00,20.10,2991,4784,0.00,208.00,0.30
10:33:05,52.76,23.12,0.00,0.00,20.10,2989,4787,0.00,120.00,0.30
10:33:10,55.90,28.72,0.00,0.00,10.77,2990,4785,0.00,136.00,0.60
10:33:15,51.02,22.96,0.00,0.00,20.92,2991,4784,0.00,144.00,0.30
10:33:21,57.22,25.26,0.00,0.00,13.40,2991,4785,0.00,120.00,0.60
10:33:26,48.50,25.50,0.50,0.00,21.50,2989,4786,0.00,6636.00,1.20
10:33:31,51.04,24.48,0.00,0.00,20.83,2993,4782,0.00,128.00,0.40
10:33:36,60.80,25.13,0.00,0.00,9.05,2994,4782,0.00,124.00,0.00
10:33:40,58.79,25.13,0.00,0.00,11.56,2998,4777,0.00,20764.00,1.80
10:33:45,57.87,25.89,0.51,0.00,10.15,3018,4757,0.00,8808.00,2.30
10:33:51,52.26,25.63,0.50,0.00,16.58,2999,4777,0.00,222652.00,72.80
10:33:56,53.09,23.71,0.00,0.00,19.07,2996,4779,0.00,172.00,0.70
10:34:01,45.69,25.38,1.02,0.00,23.35,2994,4781,0.00,2332.00,1.00
10:34:06,52.55,25.00,0.00,0.00,17.86,2998,4777,0.00,128.00,0.50
10:34:11,24.74,21.65,10.31,0.00,43.30,2472,5303,60.00,87396.00,68.50
10:34:15,89.90,5.05,0.00,0.00,5.05,1557,6218,128.00,8312.00,10.50
10:34:20,85.50,5.00,0.00,0.00,9.50,1684,6091,0.00,172.00,0.70
10:34:25,88.56,6.97,1.00,0.00,3.48,1957,5818,0.00,216.00,0.80
10:34:31,86.00,9.00,0.00,0.00,3.50,2084,5691,0.00,108.00,0.70
10:34:36,68.18,8.08,0.00,0.00,21.72,2104,5671,0.00,112.00,0.60
10:34:41,49.50,8.50,0.50,0.00,39.50,2129,5646,0.00,164.00,1.20
10:34:46,35.03,7.11,0.00,0.00,56.85,2128,5647,0.00,140.00,0.70
10:34:51,38.19,7.54,0.00,0.00,52.26,2152,5623,0.00,108.00,0.70
10:34:56,34.17,6.53,0.50,0.00,56.78,2135,5640,0.00,7704.00,1.70
10:35:01,26.77,7.07,0.00,0.51,64.65,2146,5630,0.00,6724.00,1.00
10:35:06,21.21,7.07,0.00,0.00,69.70,2154,5621,0.00,228.00,0.50
10:35:11,30.96,9.14,0.00,0.00,58.88,2162,5613,0.00,140.00,0.50
10:35:17,36.55,11.17,0.00,0.00,50.76,2161,5615,0.00,16548.00,1.60
10:35:22,31.34,12.94,0.00,0.00,52.74,2167,5609,0.00,132.00,0.60
10:35:27,63.45,14.21,0.00,0.00,20.81,2182,5593,0.00,192.00,0.50
10:35:32,33.16,9.69,0.00,0.00,55.10,2191,5585,0.00,10296.00,1.00
10:35:37,29.44,9.64,0.00,0.00,58.88,2191,5584,0.00,848.00,1.00
10:35:42,26.77,8.59,1.01,0.00,62.12,2190,5586,0.00,265.38,0.67
10:35:47,31.47,12.69,1.02,0.00,53.30,2199,5576,0.00,5260.00,1.10
10:35:52,25.51,10.20,0.00,0.00,62.76,2201,5575,0.00,116.00,0.60
10:35:57,26.94,12.44,0.00,0.00,58.03,2190,5586,0.00,16732.00,1.70
10:36:02,38.92,19.70,0.49,0.00,37.44,2192,5583,0.00,10160.00,1.10
10:36:08,43.46,18.32,0.00,0.00,35.60,2198,5577,0.00,824.00,0.80
10:36:13,43.78,22.89,0.00,0.00,28.36,2205,5570,0.00,588.00,0.90
10:36:17,43.50,19.00,0.00,0.00,34.00,2210,5565,0.00,102.97,0.50
10:36:22,39.36,17.55,0.53,0.00,39.36,2213,5562,0.00,104.00,0.60
10:36:27,54.87,17.95,0.00,0.00,24.10,2221,5554,0.00,7376.00,1.20
10:36:32,42.05,20.00,0.51,0.00,33.85,2231,5545,0.00,116.00,0.20
10:36:37,39.58,18.75,0.00,0.00,38.02,2238,5537,0.00,116.00,0.00
10:36:42,37.62,20.30,0.00,0.00,39.11,2243,5533,0.00,140.00,0.20
10:36:48,68.69,25.76,0.00,0.00,1.01,2315,5460,0.00,120.00,0.10
10:36:53,63.45,26.90,0.00,0.00,4.57,2294,5481,0.00,116.00,0.20
10:36:58,60.41,29.95,0.00,0.00,4.06,2278,5498,0.00,128.00,0.20
10:37:03,61.81,27.64,0.00,0.00,4.52,2297,5478,0.00,144.00,0.40
10:37:09,65.83,26.13,0.00,0.00,3.02,2321,5454,0.00,2120.00,0.50
10:37:14,59.90,30.96,0.00,0.00,3.05,2349,5427,0.00,17468.00,1.30
10:37:19,60.91,28.43,0.00,0.00,6.09,2359,5417,0.00,16596.00,1.30
10:37:24,60.51,28.21,0.00,0.00,6.15,2368,5408,0.00,16652.00,1.40
10:37:29,63.68,30.35,0.00,0.00,0.00,2366,5410,0.00,16676.00,1.80
10:37:35,64.85,28.22,0.00,0.00,0.50,2380,5395,0.00,104912.00,8.70
10:37:40,70.15,24.88,0.00,0.00,0.00,2384,5391,0.00,20800.00,2.30
10:37:45,63.32,31.66,0.00,0.00,0.00,2384,5391,0.00,19017.82,1.58
10:37:50,66.00,28.00,0.00,0.00,0.00,2379,5396,0.00,16780.00,1.00
10:37:56,68.08,26.76,0.00,0.00,0.47,2379,5397,0.00,17788.00,1.70
10:38:01,67.00,28.00,0.00,0.00,0.00,2430,5345,0.00,16419.80,1.49
10:38:06,64.50,29.50,0.00,0.00,0.00,2424,5351,0.00,225256.00,73.00
10:38:11,64.00,29.00,0.00,0.00,0.00,2417,5358,0.00,124.00,0.30
10:38:16,63.32,31.16,0.00,0.00,0.00,2416,5359,0.00,112.00,0.20
10:38:22,62.63,30.30,0.00,0.00,0.00,2416,5359,0.00,110.89,0.10
10:38:27,66.00,28.50,0.00,0.00,0.00,2420,5355,0.00,33272.00,2.30
10:38:32,71.50,23.50,0.00,0.00,0.00,2420,5355,0.00,16628.00,1.40
10:38:37,63.32,29.65,0.00,0.00,0.00,2421,5355,0.00,165216.00,26.80
10:38:43,63.00,30.00,0.00,0.00,0.50,2444,5331,0.00,162.38,0.59
10:38:48,62.00,31.50,0.00,0.00,0.50,2441,5334,0.00,168.00,0.50
10:38:53,64.50,30.00,0.00,0.00,0.00,2434,5342,0.00,36000.00,4.20
10:38:58,64.14,30.81,0.00,0.00,0.00,2433,5342,0.00,216.00,0.80
10:39:03,60.50,33.00,0.00,0.00,0.00,2436,5339,0.00,1996.00,0.50
10:39:08,63.82,30.65,0.00,0.00,0.00,2439,5337,0.00,150994.06,17.82
10:39:14,62.81,28.64,3.52,0.00,0.00,2444,5331,0.00,11100.00,8.70
10:39:19,66.67,26.87,0.00,0.00,0.00,2502,5273,0.00,116.00,0.50
10:39:24,61.50,32.50,0.00,0.00,0.00,2494,5282,0.00,24170.30,2.18
10:39:30,65.00,29.50,0.00,0.00,0.00,2489,5286,0.00,384.00,0.60
10:39:35,63.86,29.21,0.00,0.00,0.50,2490,5285,0.00,280.00,0.40
10:39:40,61.39,31.19,0.00,0.00,0.50,2490,5286,0.00,240.00,0.40
10:39:45,64.36,28.71,0.00,0.00,0.99,2494,5282,0.00,256.00,1.10
10:39:50,64.00,30.50,0.00,0.00,0.00,2490,5286,0.00,140.00,0.20
10:39:56,67.00,26.50,0.00,0.00,0.00,2491,5284,0.00,144.00,0.20
10:40:01,62.63,31.31,0.00,0.00,0.00,2496,5279,0.00,304.00,0.20
10:40:06,64.65,29.29,0.00,0.00,0.00,2499,5277,0.00,184.00,0.30
10:40:11,63.90,30.24,0.00,0.00,0.49,2501,5274,0.00,158.42,0.20
10:40:16,66.00,27.00,0.00,0.00,0.50,2502,5273,0.00,152.00,0.80
10:40:21,65.83,28.64,0.00,0.00,0.00,2502,5273,0.00,126.73,0.69
10:40:27,72.50,23.00,0.00,0.00,0.50,2531,5245,0.00,6748.00,0.90
10:40:32,82.59,15.42,0.00,0.00,0.00,2781,4994,0.00,120.00,0.30
10:40:37,21.76,7.77,0.00,0.00,69.43,2815,4960,0.00,124.00,0.10
10:40:42,14.58,6.25,0.00,0.00,78.12,2860,4915,0.00,120.00,0.20
10:40:47,17.35,8.16,0.00,0.00,72.96,2899,4876,0.00,140.00,0.20
10:40:52,18.65,7.25,0.00,0.00,72.54,2905,4871,0.00,128.00,0.80
10:40:57,32.80,11.64,0.53,0.53,52.91,2943,4832,0.00,136.00,0.80
10:41:02,40.43,11.70,0.00,0.00,46.28,3004,4772,0.00,128.00,0.50
10:41:07,47.12,12.04,0.00,0.00,39.27,2992,4784,0.00,136.00,0.50
10:41:13,46.56,13.76,0.00,0.00,38.10,2993,4782,0.00,112.00,0.70
10:41:18,50.53,12.11,0.00,0.00,35.26,2992,4783,0.00,120.00,0.70
10:41:23,75.88,19.60,0.00,0.00,2.01,2998,4777,0.00,116.00,0.70
10:41:28,74.75,20.79,0.00,0.00,0.99,2992,4783,0.00,128.00,0.60
10:41:33,78.61,16.92,0.00,0.00,1.00,2994,4781,0.00,144.00,0.40
10:41:38,81.31,17.17,0.00,0.00,0.00,2991,4784,0.00,140.00,0.20
10:41:43,78.50,18.50,0.00,0.00,0.50,2557,5218,0.00,132.00,0.20
10:41:48,71.29,23.76,0.00,0.00,0.00,2588,5187,0.00,140.00,0.10
10:41:53,69.50,26.00,0.00,0.00,0.00,2556,5219,0.00,120.00,0.00
10:41:59,69.19,25.76,0.00,0.00,0.00,2553,5222,0.00,132.00,0.20
10:42:04,71.36,24.62,0.00,0.00,0.00,2554,5221,0.00,472.00,0.30
10:42:09,74.00,22.00,0.00,0.00,0.00,2548,5228,0.00,124.00,0.20
10:42:14,69.35,25.13,0.00,0.00,0.00,2548,5227,0.00,184.00,0.30
10:42:19,75.00,20.50,0.00,0.00,0.50,2542,5233,0.00,340.59,0.40
10:42:25,72.50,23.00,0.00,0.00,0.00,2543,5232,0.00,244.00,0.30
10:42:30,73.23,22.73,0.00,0.00,0.00,2549,5226,0.00,304.00,0.20
10:42:35,75.62,20.40,0.00,0.00,0.00,2548,5227,0.00,724.00,1.30
10:42:40,73.13,21.39,0.00,0.00,0.00,2547,5228,0.00,312.00,0.30
10:42:45,73.00,23.50,0.00,0.00,0.00,2552,5224,0.00,304.00,0.40
10:42:50,83.58,14.43,0.00,0.00,0.00,2548,5227,0.00,284.00,1.10
10:42:55,65.33,23.62,0.00,0.00,6.03,2549,5226,0.00,132.00,0.20
10:43:01,63.50,27.50,0.00,0.00,5.50,2567,5208,0.00,122.77,0.20
10:43:06,60.51,26.67,2.56,0.00,6.15,2554,5221,0.00,548.00,0.70
10:43:11,57.29,26.63,0.50,0.00,10.05,2550,5225,0.00,128.00,0.10
10:43:16,54.50,26.50,0.00,0.00,14.00,2553,5222,0.00,132.00,0.20
10:43:21,60.10,27.78,0.51,0.00,7.07,2551,5225,0.00,152.00,0.30
10:43:26,54.59,25.51,0.00,0.00,16.33,2549,5227,0.00,136.00,0.40
10:43:31,57.58,25.25,0.00,0.00,13.13,2550,5225,0.00,7424.00,0.90
10:43:37,56.57,25.25,1.01,0.00,12.63,2555,5220,0.00,472.00,0.70
10:43:42,58.50,25.50,0.00,0.00,11.50,2552,5224,0.00,152.00,0.70
10:43:47,55.38,26.15,0.00,0.00,13.85,2555,5220,0.00,144.00,0.50
10:43:52,73.50,22.00,0.00,0.00,0.00,2614,5161,0.00,136.00,0.20
10:43:57,58.88,26.40,0.00,0.00,10.15,2567,5208,0.00,132.00,0.20
10:44:02,61.42,28.43,0.00,0.00,6.09,2555,5221,0.00,144.00,0.70
10:44:07,59.49,26.15,0.00,0.00,9.23,2559,5216,0.00,520.00,0.80
10:44:13,52.02,24.24,0.00,0.00,18.69,2555,5220,0.00,18052.00,1.90
10:44:18,58.88,26.90,0.00,0.00,9.14,2554,5221,0.00,848.00,0.30
10:44:23,54.36,28.21,0.00,0.00,13.33,2558,5218,0.00,17496.00,1.80
10:44:28,59.39,24.37,0.00,0.00,11.17,2557,5218,0.00,93244.00,15.00
10:44:33,60.91,25.38,0.00,0.00,9.64,2559,5217,0.00,34228.00,4.20
10:44:38,56.50,27.50,0.00,0.00,10.50,2559,5216,0.00,148.00,0.30
10:44:44,56.06,25.76,0.00,0.00,14.14,2561,5214,0.00,120.00,0.20
10:44:49,60.41,26.90,0.00,0.00,8.63,2560,5215,0.00,136.00,0.40
10:44:54,65.66,25.76,0.00,0.00,4.55,2621,5154,0.00,132.00,0.30
10:44:59,55.84,25.38,0.00,0.00,13.71,2584,5191,0.00,173272.00,30.30
10:45:04,53.61,23.71,0.00,0.00,17.53,2566,5209,0.00,38032.00,4.10
10:45:09,57.79,23.12,0.50,0.00,14.07,2561,5215,0.00,17276.00,2.60
10:45:14,57.36,26.90,0.00,0.00,10.66,2565,5211,0.00,16692.00,2.20
10:45:20,54.59,26.02,0.00,0.00,14.29,2562,5213,0.00,33116.00,3.20
10:45:25,57.07,27.78,0.00,0.00,11.11,2563,5212,0.00,82192.00,7.70
10:45:30,57.79,24.12,0.00,0.00,13.07,2564,5212,0.00,89416.00,15.00
10:45:35,57.36,25.38,0.00,0.00,13.20,2561,5214,0.00,244.00,0.10
10:45:40,58.29,27.14,0.00,0.00,10.05,2561,5215,0.00,244.00,0.50
10:45:45,59.18,28.06,0.00,0.00,9.18,2566,5210,0.00,244.00,0.50
10:45:50,66.50,26.00,0.00,0.00,2.50,2562,5214,0.00,128.00,0.10
10:45:56,70.65,25.87,0.00,0.00,0.00,2622,5153,0.00,124.00,0.20
10:46:01,78.89,18.59,0.00,0.00,0.00,2584,5191,0.00,136.00,0.20
10:46:06,75.50,21.50,0.00,0.00,0.00,2569,5207,0.00,136.00,0.80
10:46:11,71.50,24.50,0.00,0.00,0.00,2569,5207,0.00,132.00,0.60
10:46:16,44.72,17.09,0.00,0.00,36.18,2563,5212,0.00,360.00,0.70
10:46:21,27.81,7.49,0.00,0.00,62.57,2951,4824,0.00,108.00,0.60
10:46:26,36.70,8.51,0.00,0.00,52.66,2999,4776,0.00,104.00,0.60
10:46:32,22.96,3.57,0.00,0.00,72.45,3030,4745,0.00,76.00,0.60
10:46:37,19.49,4.62,0.00,0.00,75.90,3053,4722,0.00,72.00,0.60
10:46:42,11.73,4.08,0.00,0.00,83.67,3078,4697,0.00,72.00,0.50
10:46:47,70.64,25.23,0.00,0.00,0.00,3262,4513,0.00,180.00,0.70
10:46:53,68.66,25.87,0.00,0.50,1.00,3272,4503,0.00,152.00,0.80
10:46:58,62.31,31.66,0.00,0.00,0.00,3275,4501,0.00,172.00,0.60
10:47:03,61.00,32.50,0.00,0.00,0.50,3459,4316,0.00,248.00,1.00
10:47:08,63.50,30.50,0.00,0.00,0.50,3471,4304,0.00,188.00,0.50
10:47:13,68.00,26.50,0.00,0.00,0.50,3472,4304,0.00,152.00,0.60
10:47:18,65.15,29.29,0.00,0.00,0.51,3473,4302,0.00,168.00,0.60
10:47:23,64.50,30.00,0.00,0.00,0.50,3472,4303,0.00,156.00,0.70
10:47:29,62.50,31.50,0.00,0.00,0.00,3481,4294,0.00,152.00,0.70
10:47:34,67.16,26.87,0.00,0.00,0.50,3480,4295,0.00,6968.00,1.10
10:47:39,62.69,31.84,0.00,0.00,0.00,3478,4297,0.00,148.00,0.70
10:47:44,59.70,33.83,0.00,0.00,0.00,3487,4288,0.00,168.00,0.50
10:47:49,60.20,33.33,0.00,0.00,0.00,3483,4293,0.00,152.00,0.60
10:47:54,59.50,34.00,0.00,0.00,0.00,3484,4291,0.00,364.00,1.70
10:48:00,63.50,32.00,0.00,0.00,0.00,3487,4288,0.00,248.00,1.10
10:48:05,65.50,28.50,0.00,0.00,0.00,3477,4298,0.00,260.00,1.20
10:48:10,65.33,30.15,0.00,0.00,0.00,3476,4299,0.00,268.00,0.50
10:48:15,68.34,27.14,0.00,0.00,0.00,3506,4269,0.00,212.00,0.30
10:48:20,69.70,25.25,0.00,0.00,0.00,3539,4237,0.00,240.00,0.20
10:48:25,67.84,26.63,0.00,0.00,0.00,3488,4287,0.00,228.00,0.40
10:48:30,62.00,32.50,0.00,0.00,0.00,3482,4293,0.00,160.00,0.50
10:48:35,62.00,32.50,0.00,0.00,0.00,3478,4298,0.00,96.00,0.10
10:48:41,59.00,34.50,0.00,0.00,0.00,3476,4299,0.00,48.00,0.20
10:48:46,63.68,30.35,0.00,0.00,0.00,3468,4307,0.00,100.00,0.60
10:48:51,66.00,28.50,0.00,0.00,0.00,3472,4303,0.00,64.00,0.40
10:48:56,65.66,29.29,0.00,0.00,0.00,3482,4294,0.00,92.00,0.60
10:49:01,66.50,29.00,0.00,0.00,0.00,3476,4299,0.00,92.00,0.60
10:49:06,66.33,29.15,0.00,0.00,0.00,3537,4238,0.00,60.00,0.60
10:49:11,76.00,20.50,0.00,0.00,0.00,3542,4233,0.00,80.00,0.60
10:49:16,63.18,31.34,0.00,0.00,0.00,3486,4290,0.00,68.00,0.60
10:49:21,63.18,31.34,0.50,0.00,0.00,3484,4291,0.00,51704.00,37.00
10:49:27,66.83,27.64,0.00,0.00,0.50,3481,4295,0.00,16736.00,1.90
10:49:32,68.16,25.87,0.00,0.00,0.00,3488,4288,0.00,16564.00,2.80
10:49:37,60.00,33.00,0.00,0.00,0.50,3481,4294,0.00,16752.00,1.30
10:49:42,73.50,22.00,0.00,0.00,0.00,3478,4297,0.00,16460.00,1.80
10:49:47,84.42,15.08,0.00,0.00,0.50,3486,4290,0.00,56480.00,4.60
10:49:52,87.50,12.50,0.00,0.00,0.00,3488,4287,0.00,123592.00,13.60
10:49:57,85.86,14.14,0.00,0.00,0.00,3540,4235,0.00,100.00,0.60
10:50:02,86.00,14.00,0.00,0.00,0.00,3495,4280,0.00,88.00,0.60
10:50:07,77.00,22.50,0.00,0.00,0.50,3488,4287,0.00,96.00,0.60
10:50:12,87.44,12.56,0.00,0.00,0.00,3484,4291,0.00,128.00,0.30
10:50:18,85.93,14.07,0.00,0.00,0.00,3488,4287,0.00,124.00,0.10
10:50:23,81.50,18.00,0.00,0.00,0.00,3489,4286,0.00,104.00,0.80
10:50:28,81.00,19.00,0.00,0.00,0.00,3488,4287,0.00,88.00,0.60
10:50:33,78.22,20.30,0.00,0.00,0.99,3484,4291,0.00,88.00,0.20
10:50:38,81.41,18.59,0.00,0.00,0.00,3482,4293,0.00,88.00,0.20
10:50:43,87.06,12.94,0.00,0.00,0.00,3491,4284,0.00,88.00,0.60
10:50:48,76.77,23.23,0.00,0.00,0.00,3547,4228,0.00,64.00,0.70
10:50:53,80.10,19.40,0.00,0.00,0.50,3486,4289,0.00,124.00,0.60
10:50:58,84.50,15.00,0.00,0.00,0.50,3493,4282,0.00,128.00,0.60
10:51:03,84.16,15.84,0.00,0.00,0.00,3484,4291,0.00,96.00,0.60
10:51:08,79.29,20.71,0.00,0.00,0.00,3492,4283,0.00,132.00,0.50
10:51:14,83.50,16.00,0.00,0.00,0.00,3492,4284,0.00,104.00,0.40
10:51:19,81.31,18.69,0.00,0.00,0.00,3490,4285,0.00,120.00,0.60
10:51:24,79.00,20.00,0.00,0.00,0.50,3485,4290,0.00,312.00,0.50
10:51:29,82.59,16.92,0.00,0.00,0.50,3486,4289,0.00,132.00,0.50
10:51:34,79.10,19.90,0.00,0.00,0.50,3488,4288,0.00,128.00,0.70
10:51:39,79.00,20.50,0.00,0.00,0.00,3487,4288,0.00,124.00,0.60
10:51:44,86.93,13.07,0.00,0.00,0.00,3488,4288,0.00,128.00,0.20
10:51:49,84.34,15.15,0.00,0.00,0.51,3484,4291,0.00,95.05,0.50
10:51:54,84.42,15.58,0.00,0.00,0.00,3488,4287,0.00,552.00,1.50
10:51:59,82.83,17.17,0.00,0.00,0.00,3555,4220,0.00,108.00,0.60
10:52:04,75.12,23.88,0.50,0.00,0.00,3503,4273,0.00,192.00,1.10
10:52:09,85.93,13.57,0.00,0.00,0.50,3494,4281,0.00,224.00,1.00
10:52:15,86.07,13.43,0.00,0.00,0.50,3492,4283,0.00,30836.00,3.30
10:52:20,80.81,19.19,0.00,0.00,0.00,3493,4283,0.00,3660.00,0.50
10:52:25,83.50,16.50,0.00,0.00,0.00,3491,4285,0.00,216.00,0.40
10:52:30,81.50,18.00,0.00,0.00,0.50,3491,4285,0.00,16720.00,1.70
10:52:35,86.43,13.07,0.00,0.00,0.00,3495,4280,0.00,232.00,0.70
10:52:40,75.12,23.88,0.00,0.00,1.00,3493,4283,0.00,117032.00,22.40
10:52:45,82.41,17.59,0.00,0.00,0.00,3493,4282,0.00,9128.00,2.70
10:52:50,83.08,16.42,0.00,0.00,0.50,3558,4217,0.00,2632.00,1.40
10:52:55,82.76,15.76,0.00,0.00,0.99,3507,4269,0.00,16620.00,2.30
10:53:00,83.58,15.92,0.00,0.00,0.50,3494,4281,0.00,96.00,0.20
10:53:05,79.40,20.10,0.00,0.00,0.50,3488,4288,0.00,16472.00,2.00
10:53:11,82.83,17.17,0.00,0.00,0.00,3495,4280,0.00,45488.00,7.20
10:53:16,80.90,18.59,0.00,0.00,0.50,3493,4283,0.00,132.00,0.60
10:53:21,83.92,15.58,0.00,0.00,0.50,3486,4289,0.00,96.00,0.50
10:53:26,78.39,21.61,0.00,0.00,0.00,3484,4291,0.00,132.00,0.50
10:53:31,82.91,17.09,0.00,0.00,0.00,3487,4288,0.00,72.00,0.40
10:53:36,80.90,19.10,0.00,0.00,0.00,3488,4288,0.00,120.00,0.20
10:53:41,78.00,20.50,0.00,0.00,1.00,3496,4279,0.00,96.00,0.30
10:53:46,79.90,20.10,0.00,0.00,0.00,3496,4280,0.00,96.00,0.60
10:53:51,70.85,28.64,0.00,0.00,0.50,3493,4282,0.00,132.00,0.30
10:53:56,77.16,22.84,0.00,0.00,0.00,3488,4287,0.00,118.81,0.59
10:54:02,79.90,19.60,0.00,0.00,0.50,3554,4221,0.00,72.00,0.20
10:54:07,81.91,18.09,0.00,0.00,0.00,3497,4278,0.00,160.00,0.20
10:54:12,80.30,19.19,0.00,0.00,0.51,3492,4283,0.00,87.13,0.20
10:54:16,81.41,18.59,0.00,0.00,0.00,3486,4289,0.00,160.00,0.70
10:54:21,77.89,22.11,0.00,0.00,0.00,3488,4288,0.00,12720.00,1.90
10:54:26,81.41,18.09,0.00,0.00,0.50,3486,4290,0.00,264.00,0.30
10:54:31,83.08,15.92,0.00,0.00,0.50,3493,4282,0.00,124.00,0.50
10:54:36,80.90,19.10,0.00,0.00,0.00,3488,4287,0.00,140.00,0.40
10:54:41,79.00,20.50,0.00,0.00,0.50,3495,4281,0.00,160.00,0.40
10:54:45,81.77,16.75,0.00,0.00,0.99,3498,4277,0.00,132800.00,27.80
10:54:50,75.76,24.24,0.00,0.00,0.00,3533,4242,0.00,9940.00,1.80
10:54:56,79.40,20.60,0.00,0.00,0.00,3510,4265,0.00,19144.00,2.40
10:55:01,77.61,21.89,0.00,0.00,0.50,3499,4277,0.00,33152.00,2.80
10:55:06,76.50,23.00,0.00,0.00,0.50,3495,4280,0.00,16520.00,1.00
10:55:11,72.86,27.14,0.00,0.00,0.00,3499,4276,0.00,16460.00,1.20
10:55:16,78.39,21.61,0.00,0.00,0.00,3488,4287,0.00,124.00,0.20
10:55:21,79.70,19.31,0.00,0.00,0.50,3497,4278,0.00,100.00,0.70
10:55:26,72.86,26.13,0.50,0.00,0.50,3500,4276,0.00,96.00,0.60
10:55:31,75.38,24.12,0.00,0.00,0.50,3498,4277,0.00,128.00,0.70
10:55:36,77.39,22.61,0.00,0.00,0.00,3496,4279,0.00,140.00,0.30
10:55:41,69.15,30.35,0.00,0.00,0.50,3494,4281,0.00,104.00,0.60
10:55:47,71.64,27.36,0.00,0.00,1.00,3493,4282,0.00,132.00,0.10
10:55:52,76.12,22.89,0.00,0.00,0.50,3503,4272,0.00,96.00,0.60
10:55:57,71.64,27.86,0.00,0.00,0.50,3499,4276,0.00,100.00,0.60
10:56:02,73.76,25.25,0.00,0.00,0.50,3557,4218,0.00,116.00,0.80
10:56:07,78.61,20.40,0.00,0.00,0.50,3522,4253,0.00,136.00,0.70
10:56:12,80.81,19.19,0.00,0.00,0.00,3503,4272,0.00,4496.00,1.00
10:56:17,67.00,33.00,0.00,0.00,0.00,3504,4271,0.00,120.00,0.70
10:56:22,77.11,22.39,0.00,0.00,0.50,3491,4284,0.00,88.00,0.60
10:56:27,71.00,28.50,0.00,0.00,0.50,3492,4283,0.00,128.00,0.60
10:56:32,82.00,17.50,0.00,0.00,0.50,3496,4280,0.00,96.00,0.60
10:56:37,77.50,22.50,0.00,0.00,0.00,3494,4282,0.00,4936.00,2.30
10:56:43,74.63,24.88,0.00,0.00,0.50,3494,4281,0.00,8268.00,1.60
10:56:48,82.00,18.00,0.00,0.00,0.00,3542,4233,0.00,92.00,0.60
10:56:53,82.18,16.34,0.00,0.00,0.99,3501,4274,0.00,136.00,0.60
10:56:58,82.50,17.50,0.00,0.00,0.00,3506,4269,0.00,128.00,0.80
10:57:03,84.50,15.50,0.00,0.00,0.00,3498,4277,0.00,13232.00,2.20
10:57:08,78.61,20.40,0.00,0.00,1.00,3499,4276,0.00,145272.00,25.30
10:57:13,83.42,16.58,0.00,0.00,0.00,3497,4279,0.00,96.00,0.60
10:57:18,80.40,19.10,0.00,0.00,0.50,3496,4279,0.00,132.00,0.70
10:57:23,80.81,19.19,0.00,0.00,0.00,3502,4273,0.00,100.00,0.50
10:57:28,80.50,19.50,0.00,0.00,0.00,3496,4279,0.00,104.00,0.20
10:57:33,79.50,19.50,0.00,0.00,0.50,3495,4280,0.00,100.00,0.30
10:57:39,79.50,19.50,0.00,0.00,1.00,3503,4272,0.00,7132.00,1.00
10:57:44,79.00,20.00,0.00,0.00,0.50,3500,4275,0.00,96.00,0.60
10:57:49,76.12,23.38,0.00,0.00,0.50,3503,4273,0.00,96.00,0.60
10:57:54,78.71,20.79,0.00,0.00,0.50,3495,4280,0.00,112.00,0.70
10:57:59,79.50,19.50,0.00,0.00,0.50,3497,4278,0.00,104.00,0.80
10:58:04,83.25,16.75,0.00,0.00,0.00,3510,4265,0.00,140.00,0.60
10:58:09,61.81,36.68,0.00,0.00,1.01,3506,4270,0.00,124.00,0.40
10:58:14,65.17,34.33,0.00,0.00,0.00,3505,4271,0.00,132.00,0.60
10:58:19,70.85,28.64,0.00,0.00,0.00,3499,4276,0.00,120.00,0.60
10:58:24,56.57,43.43,0.00,0.00,0.00,3495,4281,0.00,236.00,1.10
10:58:29,43.72,31.66,0.00,0.00,24.12,3497,4279,0.00,208.00,1.00
10:58:35,37.88,34.34,0.00,0.00,27.27,3492,4284,0.00,212.00,0.20
10:58:40,38.19,33.67,0.50,0.00,27.64,3501,4275,0.00,8012.00,1.80
10:58:45,37.06,35.03,0.00,0.00,27.92,3502,4274,0.00,212.00,1.20
10:58:50,70.50,14.50,0.00,0.00,12.00,3602,4173,0.00,220.00,1.10
10:58:55,12.18,5.58,0.00,0.00,81.22,2985,4790,0.00,404.00,1.90
10:59:00,14.43,5.15,0.00,0.00,79.90,2950,4825,0.00,232.00,1.10
10:59:05,11.79,5.13,0.51,0.00,81.54,2940,4835,0.00,228.00,1.00
10:59:10,12.63,6.06,0.51,0.00,80.30,2944,4831,0.00,704.00,1.30
10:59:15,12.18,5.58,0.51,0.00,80.71,2940,4835,0.00,252.00,1.10
10:59:20,13.78,5.61,0.00,0.00,79.59,2941,4834,0.00,112.00,0.80
10:59:25,11.73,5.10,1.02,0.00,81.12,2948,4827,0.00,164.00,0.70
10:59:31,13.64,6.06,0.51,0.00,79.29,2951,4824,0.00,110.89,0.59
10:59:36,13.20,5.58,0.00,0.00,80.20,2946,4830,0.00,112.00,0.60
10:59:41,12.82,4.10,1.03,0.00,81.03,2942,4834,0.00,116.00,0.70
10:59:46,13.64,5.56,1.01,0.00,79.29,2942,4834,0.00,112.00,0.60
10:59:51,13.78,5.10,0.00,0.00,80.10,2949,4826,0.00,116.00,0.60
10:59:56,15.74,6.60,1.02,0.00,76.14,2949,4827,0.00,120.00,0.80
11:00:01,21.43,5.61,0.00,0.00,71.94,2948,4827,0.00,112.00,0.50
11:00:06,18.46,7.18,0.00,0.00,73.33,2944,4832,0.00,120.00,0.60
11:00:11,17.77,4.57,1.02,0.00,75.63,2944,4831,0.00,112.00,0.60
11:00:16,18.27,5.58,1.02,0.00,74.11,2947,4829,0.00,124.00,0.60
11:00:21,2.51,2.01,1.01,0.00,93.97,2938,4837,0.00,60.00,0.70
11:00:26,3.55,1.02,0.00,0.00,95.43,2942,4833,0.00,52.00,0.60
11:00:31,3.06,1.02,0.00,0.00,95.92,2945,4830,0.00,48.00,0.50
11:00:36,1.54,0.51,0.51,0.00,96.92,2945,4830,0.00,3156.00,0.90
11:00:41,2.55,1.02,0.00,0.00,95.92,2962,4813,0.00,2676.00,1.00
11:00:47,2.51,1.51,0.00,0.00,94.97,2955,4821,0.00,64.00,0.60
11:00:52,2.03,1.52,0.00,0.00,95.94,2951,4824,0.00,40.00,0.60
11:00:57,2.02,1.52,0.51,0.00,95.96,2953,4823,0.00,40.00,0.60
11:01:02,3.05,1.52,0.00,0.00,95.43,2956,4819,0.00,48.00,0.60
11:01:07,3.00,1.00,1.00,0.50,94.50,2957,4819,0.00,56.00,0.50
11:01:12,2.02,1.52,0.51,0.00,95.45,2955,4820,0.00,4232.00,1.20
11:01:17,3.05,0.51,0.51,0.00,95.94,2955,4820,0.00,52.00,0.60
11:01:22,47.45,4.08,0.51,0.00,47.45,2949,4826,0.00,112.00,0.60
11:01:27,51.78,4.57,0.00,0.00,43.15,2950,4825,0.00,116.00,0.50
11:01:32,54.31,4.57,0.51,0.00,40.10,2958,4817,0.00,112.00,0.10
11:01:37,59.39,5.58,0.00,0.00,34.01,2958,4818,0.00,148.00,0.20
11:01:42,58.16,5.10,0.00,0.00,36.22,2955,4820,0.00,108.00,0.10
11:01:47,64.14,4.55,0.51,0.00,30.30,2957,4818,0.00,108.00,0.60
11:01:52,14.07,5.53,1.01,0.00,77.89,2782,4993,0.00,104.00,0.60
11:01:58,13.27,5.10,0.00,0.00,80.61,2782,4994,0.00,108.00,0.60
11:02:03,14.65,5.05,0.51,0.00,79.29,2786,4989,0.00,104.00,0.70
11:02:08,13.13,6.06,0.51,0.00,79.29,2785,4990,0.00,140.00,0.60
11:02:13,13.40,5.15,0.00,0.00,80.41,2784,4991,0.00,128.00,0.50
11:02:18,14.07,5.53,0.50,0.00,78.89,2781,4994,0.00,120.00,0.50
11:02:23,12.63,6.06,0.51,0.00,80.30,2783,4992,0.00,5064.00,1.00
11:02:28,13.20,5.58,0.00,0.00,79.19,2787,4989,0.00,108.00,0.60
11:02:33,12.24,5.10,0.51,0.00,81.12,2786,4989,0.00,112.00,0.80
11:02:38,14.80,5.10,0.51,0.00,78.06,2786,4989,0.00,164.00,0.60
11:02:43,12.69,5.58,0.00,0.00,80.71,2803,4973,0.00,176.00,0.70
11:02:48,19.59,6.19,0.00,0.00,72.68,2787,4988,0.00,356.00,0.70
11:02:53,65.82,15.82,0.00,0.00,15.82,2979,4796,0.00,4040.00,1.20
11:02:58,14.36,5.64,0.00,0.00,78.97,2976,4799,0.00,120.00,0.70
11:03:04,12.76,6.12,0.00,0.00,80.10,2948,4827,0.00,132.00,0.60
11:03:09,12.76,5.61,0.00,0.00,81.12,2946,4829,0.00,140.00,0.60
11:03:14,13.27,5.61,0.00,0.00,79.59,2946,4829,0.00,116.00,0.60
11:03:19,12.56,5.03,0.00,0.00,80.40,2943,4832,0.00,6668.00,1.10
11:03:24,16.41,6.15,0.51,0.00,76.41,2948,4827,0.00,6232.00,1.50
11:03:29,12.76,5.10,0.00,0.00,81.12,2947,4828,0.00,312.00,0.80
11:03:34,12.69,5.08,0.51,0.00,80.71,2948,4828,0.00,328.00,0.80
11:03:39,12.69,5.58,0.51,0.00,80.71,2941,4834,0.00,192.00,0.80
11:03:44,13.13,6.57,0.00,0.00,79.29,2973,4802,0.00,148.00,0.70
11:03:49,14.36,4.62,0.51,0.00,79.49,2957,4818,0.00,5576.00,1.00
11:03:54,13.92,4.12,0.52,0.00,80.41,2945,4830,0.00,4508.00,2.10
11:03:59,14.29,5.61,0.51,0.00,78.57,2947,4828,0.00,548.00,1.30
11:04:04,16.24,6.09,0.00,0.00,76.65,2941,4835,0.00,580.00,1.40
11:04:10,15.90,5.64,0.00,0.00,77.95,2943,4832,0.00,416.00,1.20
11:04:15,17.10,5.70,0.00,0.00,76.17,2932,4844,0.00,256.00,0.90
11:04:20,17.53,5.15,0.00,0.00,76.29,2926,4849,0.00,224.00,1.20
11:04:25,16.49,4.64,0.52,0.00,77.32,2930,4845,0.00,2216.00,1.40
11:04:30,25.00,6.12,0.00,0.51,68.37,2746,5029,0.00,512.00,1.30
11:04:35,14.29,4.08,0.00,0.00,80.61,2738,5037,0.00,508.00,1.30
11:04:40,13.27,4.59,0.00,0.00,81.12,2745,5030,0.00,280.00,1.20
11:04:45,12.18,4.06,0.00,0.00,82.74,2748,5027,0.00,280.00,1.00
11:04:50,10.55,4.52,1.01,0.00,82.91,2752,5023,0.00,220.00,1.20
11:04:55,11.06,4.52,0.50,0.00,82.91,2742,5033,0.00,2344.00,2.30
11:05:00,12.82,4.62,1.03,0.00,81.03,2745,5030,0.00,544.00,1.30
11:05:05,12.82,4.10,0.00,0.00,82.05,2749,5027,0.00,416.00,1.40
11:05:10,14.36,5.13,0.51,0.00,78.97,2749,5026,0.00,112.00,0.30
11:05:15,13.27,4.08,0.00,0.00,81.63,2749,5027,0.00,120.00,0.50
11:05:21,13.20,4.06,0.51,0.00,81.22,2756,5019,0.00,120.00,0.60
11:05:26,11.73,4.59,0.51,0.00,82.65,2749,5026,0.00,108.00,0.60
11:05:31,13.20,3.55,0.51,0.00,81.73,2749,5027,0.00,132.00,0.70
11:05:36,12.31,3.08,0.51,0.00,82.56,2748,5027,0.00,112.00,0.50
11:05:41,11.68,4.57,0.51,0.00,82.23,2740,5035,0.00,112.00,0.70
11:05:46,12.18,4.06,1.02,0.00,81.73,2746,5029,0.00,120.00,0.60
11:05:51,32.99,6.09,0.51,0.00,58.88,2739,5037,0.00,112.00,0.70
11:05:56,12.76,5.10,1.02,0.00,79.59,2992,4784,0.00,108.00,0.60
11:06:01,13.33,5.13,0.51,0.00,79.49,2965,4810,0.00,120.00,0.60
11:06:06,19.39,7.14,0.51,0.00,71.43,2945,4830,0.00,116.00,0.60
11:06:11,13.07,6.53,0.50,0.50,77.39,2931,4845,0.00,112.00,0.60
11:06:16,14.43,5.15,0.00,0.00,79.38,2932,4843,0.00,124.00,0.60
11:06:21,13.85,5.13,0.00,0.00,79.49,2929,4846,0.00,228.00,0.10
11:06:27,18.56,5.67,0.00,0.00,75.26,2931,4845,0.00,116.00,0.60
11:06:32,11.79,6.67,0.00,0.00,80.00,2940,4836,0.00,120.00,0.70
11:06:37,25.64,5.13,0.51,0.00,67.69,2942,4833,0.00,108.00,0.70
11:06:42,11.46,5.21,0.00,0.00,82.81,2944,4832,0.00,124.00,0.60
11:06:47,15.15,7.07,0.51,0.51,75.76,2956,4819,0.00,120.00,0.70
11:06:52,14.21,6.09,0.51,0.00,77.66,2939,4836,0.00,116.00,0.70
11:06:57,16.24,5.58,0.51,0.00,76.14,2936,4839,0.00,368.00,0.50
11:07:02,17.01,6.70,0.00,0.00,74.74,2934,4841,0.00,112.00,0.20
11:07:07,34.18,7.14,0.00,0.00,57.14,2782,4994,0.00,112.00,0.60
11:07:12,18.78,7.61,0.51,0.00,71.57,2782,4993,0.00,140.00,0.60
11:07:17,20.51,5.13,0.00,0.00,72.82,2790,4985,0.00,116.00,0.60
11:07:22,19.39,7.14,0.00,0.00,72.45,2779,4996,0.00,112.00,0.60
11:07:27,21.94,6.63,0.00,0.51,69.39,2779,4996,0.00,368.00,0.80
11:07:33,23.20,6.19,0.00,0.00,69.59,2781,4995,0.00,124.00,0.60
11:07:38,21.54,7.69,0.00,0.00,69.23,2788,4988,0.00,116.00,0.60
11:07:43,23.47,6.12,0.51,0.00,68.88,2787,4988,0.00,124.00,0.60
11:07:48,28.57,10.20,0.00,0.00,59.18,2787,4989,0.00,132.00,0.80
11:07:53,19.49,6.15,0.00,0.00,72.82,2784,4992,0.00,104.00,0.20
11:07:58,18.56,6.70,0.00,0.00,73.71,2782,4994,0.00,112.00,0.60
11:08:03,19.07,7.22,0.52,0.00,72.16,2787,4988,0.00,116.00,0.70
11:08:08,17.35,8.16,0.51,0.00,72.96,2787,4989,0.00,120.00,0.60
11:08:13,19.90,9.18,0.00,0.00,69.39,2780,4995,0.00,124.00,0.60
11:08:18,16.58,8.29,0.00,0.00,74.09,2781,4995,0.00,116.00,0.20
11:08:23,16.92,6.67,0.51,0.00,74.36,2782,4994,0.00,112.00,0.60
11:08:28,18.65,5.70,0.00,0.00,74.61,2782,4993,0.00,112.00,0.60
11:08:33,17.86,7.14,0.00,0.00,72.96,2784,4991,0.00,108.00,0.60
11:08:39,17.95,8.21,0.00,0.00,72.82,2784,4991,0.00,112.00,0.60
11:08:44,17.01,7.22,0.00,0.00,74.23,2788,4988,0.00,112.00,0.20
11:08:49,31.63,11.73,0.00,0.00,54.59,2804,4971,0.00,112.00,0.50
11:08:54,22.34,7.61,0.00,0.00,68.53,2791,4984,0.00,108.00,0.50
11:08:59,24.10,7.18,0.51,0.00,67.18,2784,4991,0.00,108.00,0.50
